Codice,Ragione sociale,Partita IVA,Codice Fiscale,Indirizzo,CAP,Città,Prov.,Ragione sociale estesa,Telefono 1,E-mail,Pec,Telefono 2,Fax,Cell.,Alias,Macroarea,Descrizione macroarea,Area,Descrizione area,Zona,Descrizione zona,Macrocategoria,Descrizione macrocategoria,Categoria,Descrizione categoria,Sottocategoria,Descrizione sottocategoria,Raggruppamento 1,Descrizione raggruppamento 1,Raggruppamento 2,Descrizione raggruppamento 2,Raggruppamento 3,Descrizione raggruppamento 3,Stato est.,Descrizione Stato,Agente,Cond. Pagamento,Agente ID,Attivo,Anag. valida,Data validità,Anag. sost.,Ragione sociale sostitutiva,Data dismiss.,Codice AU,Cod. intermedio,Descr. intermedio,Tipo Nazione,Stato,Address,buildingNumber
5,BANCA IFIS S.P.A. (OVVERO IFIS BANCA S.P.A. O IN FORMA ABBRE,04570150278,02505630109,"Via Terraglio, 63",30174,Mestre,VE,,,laura.brusegan@bancaifis.it,,,,,,,,,,,,,,,,,,,,,,,,86,ITALIA,,409,,Si,Si,,,,,,,,Intracomunitario,,Via Terraglio,63
408,BANCA NAZIONALE DEL LAVORO S.P.A.,09339391006,09339391006,"Viale Altiero Spinelli, 30",00157,Roma,RM,,,Andrea.Recanatesi@bnlmail.com,,,,,,,,,,,,,,,,,,,,,,,,86,ITALIA,,409,,Si,Si,,,,,,,,Intracomunitario,,Viale Altiero Spinelli,30
409,BANCO DI SARDEGNA S.P.A.,03830780361,01564560900,"Viale Bonaria, 33",09125,Sassari,SS,,, alessandro.biasin@bper.it,,,,,,,,,,,,,,,,,,,,,,,,86,ITALIA,,409,,Si,Si,,,,,,,,Intracomunitario,,Viale Bonaria,33
410,BANCA MONTE DEI PASCHI DI SIENA S.P.A.,01483500524,00884060526,"Piazza Salimbeni, 3",53100,Siena,SI,,,enti@mps.it,,,,,,,,,,,,,,,,,,,,,,,,86,ITALIA,,409,,Si,Si,,,,,,,,Intracomunitario,,Piazza Salimbeni,3
411,UNICREDIT SPA,00348170101,00348170101,"Piazza Gae Aulenti, 3",20154,Milano,MI,,,,,,,,,,,,,,,,,,,,,,,,,,,86,ITALIA,,409,,Si,Si,,,,,,,,Intracomunitario,,Piazza Gae Aulenti,3
412,FINECOBANK BANCA FINECO S.P.A.,12962340159,01392970404,"Piazzale Durante Francesco, 11",20131,Reggio Emilia,RE,,,D.GANAPINI@FINECO.it,,,,,,,,,,,,,,,,,,,,,,,,86,ITALIA,,301,,Si,Si,,,,,,,,Intracomunitario,,Piazzale Durante Francesco,11
413,INVEST BANCA SOCIETA' PER AZIONI,01082611003,02586460582,"Via Cherubini, 99",50053,Empoli,FI,,,organizzazione@investbanca.it,,,,,,,,,,,,,,,,,,,,,,,,86,ITALIA,,409,,Si,Si,,,,,,,,Intracomunitario,,Via Cherubini,99
414,CREDITO EMILIANO SPA,02823390352,01806740153,Via Emilia San Pietro 4,42100,Reggio Emilia,RE,,,,,,,,,,,,,,,,,,,,,,,,,,,86,ITALIA,,301,,Si,Si,,,,,,,,Intracomunitario,,Via Emilia San Pietro,4
415,BANCA INTERMOBILIARE DI INVESTIMENTI E GESTIONI SOCIETA' PER,02751170016,02751170016,"Via Gramsci, 7",10121,Torino,TO,,,alessandro.mitola@bancaintermobiliare.com,,,,,,,,,,,,,,,,,,,,,,,,86,ITALIA,,409,,Si,Si,,,,,,,,Intracomunitario,,Via Gramsci,7
416,BANCA CAPASSO ANTONIO S.P.A.,14994571009,00095310611,Via Venti Settembre 30,00187,Roma,RM,,,sistemi.pagamento@bancacapasso.it,,,,,,,,,,,,,,,,,,,,,,,,86,ITALIA,,301,,Si,Si,,,,,,,,Intracomunitario,,Via Venti Settembre,30
417,BANCA DEL PIEMONTE S.P.A.,00821100013,00821100013,"Via Cernaia, 7",10121,Torino,TO,,,canalidigitali@bancadelpiemonte.it,,,,,,,,,,,,,,,,,,,,,,,,86,ITALIA,,301,,Si,Si,,,,,,,,Intracomunitario,,Via Cernaia,7
418,CHEBANCA! S.P.A.,10536040966,10359360152,Viale Bodio 37,20158,Milano,MI,,,fulvio.mantovan@chebanca.it,,,,,,,,,,,,,,,,,,,,,,,,86,ITALIA,,301,,Si,Si,,,,,,,,Intracomunitario,,Viale Bodio,37
419,BANCA MEDIOLANUM S.P.A.,10540610960,02124090164,"Via Ennio Doris, 15",20080,Basiglio,MI,,,davide.mattarese@mediolanum.it,,,,,,,,,,,,,,,,,,,,,,,,86,ITALIA,,301,,Si,Si,,,,,,,,Intracomunitario,,Via Ennio Doris,15
420,INTESA SANPAOLO S.P.A.,11991500015,00799960158,"Piazza San Carlo, 156",10121,Torino,TO,,,maria.graziano@intesasanpaolo.com,,,,,,,,,,,,,,,,,,,,,,,,86,ITALIA,,409,,Si,Si,,,,,,,,Intracomunitario,,Piazza San Carlo,156
421,BANCA GENERALI - SOCIETA' PER AZIONI,01333550323,00833240328,"Via Machiavelli, 4",34132,Trieste,TS,,,ilaria.basanisi@bancagenerali.it,,,,,,,,,,,,,,,,,,,,,,,,86,ITALIA,,414,,Si,Si,,,,,,,,Intracomunitario,,Via Machiavelli,4
422,IW BANK SPA,02458160245,00485260459,Piazzale Fratelli Zavattari 12,20149,Milano,MI,,,,,,,,,,,,,,,,,,,,,,,,,,,86,ITALIA,,301,,Si,Si,,,,,,,,Intracomunitario,,Piazzale Fratelli Zavattari,12
423,BANCA CESARE PONTI S.P.A.,07051880966,07051880966,"Piazza del Duomo, 19",20121,Milano,MI,,,processi.pagamento@carige.it,,,,,,,,,,,,,,,,,,,,,,,,86,ITALIA,,301,,Si,Si,,,,,,,,Intracomunitario,,Piazza del Duomo,19
424,DEUTSCHE BANK S.P.A.,01340740156,01340740156,"Piazza del Calendario, 3",20126,Milano,MI,,,massimo.colasanti@db.com,,,,,,,,,,,,,,,,,,,,,,,,86,ITALIA,,409,,Si,Si,,,,,,,,Intracomunitario,,Piazza del Calendario,3
425,UBI BANCA SPA,04334690163,04334690163,"Piazza Vittorio Veneto, 8",24122,Bergamo,BG,,,,,,,,,,,,,,,,,,,,,,,,,,,86,ITALIA,,301,,Si,Si,,,,,,,,Intracomunitario,,Piazza Vittorio Veneto,8
426,BANCA DEL FUCINO - S.P.A.,04256050875,04256050875,"Via Tomacelli, 107",00186,Roma,RM,,,p.rocchi@bancafucino.net,,,,,,,,,,,,,,,,,,,,,,,,86,ITALIA,,409,,Si,Si,,,,,,,,Intracomunitario,,Via Tomacelli,107
427,REALE IMMOBILI SPA,11998320011,11998320011,"Corso Siccardi, 13",10122,Torino,TO,,,,,,,,,,,,,,,,,,,,,,,,,,,86,ITALIA,,301,,Si,Si,,,,,,,,Intracomunitario,,Corso Siccardi,13
428,BANCA PER LO SVILUPPO DELLA COOPERAZIONE DI CREDITO S.P.A. E,15240741007,05852011005,"Via Lucrezia Romana, 41/47",00178,Roma,RM,,,mazzonim@sviluppo.bcc.it,,,,,,,,,,,,,,,,,,,,,,,,86,ITALIA,,301,,Si,Si,,,,,,,,Intracomunitario,,Via Lucrezia Romana,41/47
429,BANCA SISTEMA S.P.A.,12870770158,12870770158,Largo Augusto 1/A,20122,Milano,MI,,,,,,,,,,,,,,,,,,,,,,,,,,,86,ITALIA,,409,,Si,Si,,,,,,,,Intracomunitario,,Largo Augusto,1/A
430,BANCA CONSULIA S.P.A.,01733820037,01733820037,"Corso Monforte, 52",20122,Milano,MI,,,stefano.mossa@bancaconsulia.it,,,,,,,,,,,,,,,,,,,,,,,,86,ITALIA,,409,,Si,Si,,,,,,,,Intracomunitario,,Corso Monforte,52
431,BANCA IFIGEST - S.P.A.,04337180485,03712110588,"Piazza di Santa Maria Sopr'arno, 1",50125,Firenze,FI,,,enrico.algieri@bancaifigest.it,,,,,,,,,,,,,,,,,,,,,,,,86,ITALIA,,409,,Si,Si,,,,,,,,Intracomunitario,,Piazza di Santa Maria Sopr'arno,1
432,IFIS RENTAL SERVICES SRL,04570150278,,,20122,Milano,MI,,,,,,,,,,,,,,,,,,,,,,,,,,,86,ITALIA,,301,,Si,Si,,,,,,,,Intracomunitario,,,
433,BANCA PATRIMONI SELLA & C. S.P.A. (IN SIGLA B.P.A. S.P.A.),02675650028,08301100015,"Via Lagrange, 20",10100,Torino,TO,,,cristina.colnaghi@sella.it,,,,,,,,,,,,,,,,,,,,,,,,86,ITALIA,,409,,Si,Si,,,,,,,,Intracomunitario,,Via Lagrange,20
434,BANCA DI SCONTO E CONTI CORRENTI DI SANTA MARIA CAPUA VETERE,00136290616,00136290616,"Piazza Mazzini, 54",81055,Santa Maria Capua Vetere,CE,,,venturellig@bansco.it,,,,,,,,,,,,,,,,,,,,,,,,86,ITALIA,,301,,Si,Si,,,,,,,,Intracomunitario,,Piazza Mazzini,54
435,BANCO DI LUCCA E DEL TIRRENO S.P.A. (IN FORMA ABBREVIATA BAN,02620360392,01880620461,"Viale Agostino Marti, 443",55100,Lucca,LU,,,averde@lacassa.it,,,,,,,,,,,,,,,,,,,,,,,,86,ITALIA,,301,,Si,Si,,,,,,,,Intracomunitario,,Viale Agostino Marti,443
436,BANCA EUROMOBILIARE S.P.A.,02823390352,08935810153,"Via Santa Margherita, 9",20121,Milano,MI,,,egrassi@credem.it,,,,,,,,,,,,,,,,,,,,,,,,86,ITALIA,,301,,Si,Si,,,,,,,,Intracomunitario,,Via Santa Margherita,9
437,IBL ISTITUTO BANCARIO DEL LAVORO S.P.A. (IN FORMA ABBREVIATA,14994571009,00452550585,"Via Venti Settembre, 30",00187,Roma,RM,,,sistemipagamento@iblbanca.it,,,,,,,,,,,,,,,,,,,,,,,,86,ITALIA,,301,,Si,Si,,,,,,,,Intracomunitario,,Via Venti Settembre,30
438,BANCA PROMOS S.P.A.,04368171007,03321720637,"Viale Gramsci, 19",80100,Napoli,NA,,,ufficio.organizzazione@bancapromos.it,,,,,,,,,,,,,,,,,,,,,,,,86,ITALIA,,301,,Si,Si,,,,,,,,Intracomunitario,,Viale Gramsci,19
439,BANCA GALILEO S.P.A.,03639870967,03639870967,"Corso Venezia, 40",20121,Milano,MI,,,organizzazione@bancagalileo.it,,,,,,,,,,,,,,,,,,,,,,,,86,ITALIA,,301,,Si,Si,,,,,,,,Intracomunitario,,Corso Venezia,40
440,HYPE S.P.A.,02686590023,,Piazza Gaudenzio Sella 1,13900,Biella,BI,,,elisa.boggiani@hype.it,,,,,,,,,,,,,,,,,,,,,,,,86,ITALIA,,301,,Si,Si,,,,,,,,Intracomunitario,,Piazza Gaudenzio Sella,1
441,SOLUTION BANK S.P.A.,03374640401,03374640401,"Corso della Repubblica, 126",47121,Forlì,FC,,,davide.guiducci@solution.bank,,,,,,,,,,,,,,,,,,,,,,,,86,ITALIA,,301,,Si,Si,,,,,,,,Intracomunitario,,Corso della Repubblica,126
442,FIDEURAM - INTESA SANPAOLO PRIVATE BANKING S.P.A.,11991500015,00714540150,Piazza San Carlo 156,00000,Torino,TO,,,gscicchitano@fideuram.it,,,,,,,,,,,,,,,,,,,,,,,,86,ITALIA,,409,,Si,Si,,,,,,,,Intracomunitario,,Piazza San Carlo,156
443,BANCA MACERATA S.P.A. (IN FORMA ABBREVIATA BPRM S.P.A.),01541180434,01541180434,"Via Carducci, 67",62100,Macerata,MC,,,fabio.pezzola@bancamacerata.it,,,,,,,,,,,,,,,,,,,,,,,,86,ITALIA,,301,,Si,Si,,,,,,,,Intracomunitario,,Via Carducci,67
444,BANCA PASSADORE & C. S.P.A.,00316380104,00316380104,"Via Ettore Vernazza, 27",16121,Genova,GE,,,servizio.procedureonline@bancapassadore.it,,,,,,,,,,,,,,,,,,,,,,,,86,ITALIA,,301,,Si,Si,,,,,,,,Intracomunitario,,Via Ettore Vernazza,27
445,BANCA DEL SUD S.P.A.,05479261215,05479261215,"Via Calabritto, 20",80121,Napoli,NA,,,organizzazione@bancadelsud.com,,,,,,,,,,,,,,,,,,,,,,,,86,ITALIA,,409,,Si,Si,,,,,,,,Intracomunitario,,Via Calabritto,20
446,CHERRY BANK SPA,04147080289,04147080289,Via San Marco 11,35129,Padova,PD,,,organizzazione@bancodelletrevenezie.it,,,,,,,,,,,,,,,,,,,,,,,,86,ITALIA,,409,,Si,Si,,,,,,,,Intracomunitario,,Via San Marco,11
447,BANCA SANTA GIULIA S.P.A.,00670100981,01994680179,"Via Quartieri, 39",25032,Chiari,BS,,,organizzazione@bancasantagiulia.it,,,,,,,,,,,,,,,,,,,,,,,,86,ITALIA,,301,,Si,Si,,,,,,,,Intracomunitario,,Via Quartieri,39
448,ALTO ADIGE BANCA S.P.A.,01697990214,11658880155,"Via Esperanto, 1",39100,Bolzano,BZ,,,paolo.cagol@suedtirolbank.eu,,,,,,,,,,,,,,,,,,,,,,,,86,ITALIA,,301,,Si,Si,,,,,,,,Intracomunitario,,Via Esperanto,1
449,BANCA STABIESE - S.P.A.,01238581217,00275490639,"Via Ettore Tito, 1",80053,Castellammare di Stabia,NA,,,MAURIZIO.SANTORO@BANCASTABIESE.it,,,,,,,,,,,,,,,,,,,,,,,,86,ITALIA,,301,,Si,Si,,,,,,,,Intracomunitario,,Via Ettore Tito,1
450,ILLIMITY BANK S.P.A.,12020720962,03192350365,"Via Soperga, 9",20124,Milano,MI,,,marco.montagnani@illimity.com,,,,,,,,,,,,,,,,,,,,,,,,86,ITALIA,,409,,Si,Si,,,,,,,,Intracomunitario,,Via Soperga,9
451,IMPREBANCA S.P.A.,09994611003,09994611003,"Via Cola di Rienzo, 240",00192,Roma,RM,,,si.org@imprebanca.it,,,,,,,,,,,,,,,,,,,,,,,,86,ITALIA,,409,,Si,Si,,,,,,,,Intracomunitario,,Via Cola di Rienzo,240
452,BANCO DI CREDITO P.AZZOAGLIO - S.P.A.,00166050047,00166050047,"Via Andrea Doria, 17",12073,Ceva,CN,,,backoffice@azzoaglio.it,,,,,,,,,,,,,,,,,,,,,,,,86,ITALIA,,301,,Si,Si,,,,,,,,Intracomunitario,,Via Andrea Doria,17
453,BANCA DI CREDITO PELORITANO S.P.A.,03104290832,03104290832,"Via Oratorio San Francesco, 2",98122,Messina,ME,,,ufficio.organizzazione@bcpme.it,,,,,,,,,,,,,,,,,,,,,,,,86,ITALIA,,301,,Si,Si,,,,,,,,Intracomunitario,,Via Oratorio San Francesco,2
454,CREDITO LOMBARDO VENETO S.P.A.,03515830168,03515830168,"Via Orzinuovi, 75",25125,Brescia,BS,,,incassiepagamenti@crelove.it,,,,,,,,,,,,,,,,,,,,,,,,86,ITALIA,,301,,Si,Si,,,,,,,,Intracomunitario,,Via Orzinuovi,75
455,BANCO DI DESIO E DELLA BRIANZA - SOCIETA' PER AZIONI,10537880964,01181770155,"Via Rovagnati, 1",20033,Desio,MB,,,P.STRADA@BANCODESIO.it,,,,,,,,,,,,,,,,,,,,,,,,86,ITALIA,,409,,Si,Si,,,,,,,,Intracomunitario,,Via Rovagnati,1
456,WISE DIALOG BANK S.P.A.,01483500524,08447330963,"Via Messina, 38",20154,Milano,MI,,,banking@widiba.it,,,,,,,,,,,,,,,,,,,,,,,,86,ITALIA,,301,,Si,Si,,,,,,,,Intracomunitario,,Via Messina,38
457,ING BANK N.V.,11241140158,,Viale Fulvio Testi 250,20126,Milano,MI,,,matteo.marconi@ing.com,,,,,,,,,,,,,,,,,,,,,,,,86,ITALIA,,409,,Si,Si,,,,,,,,Intracomunitario,,Viale Fulvio Testi,250
458,CASSA LOMBARDA - S.P.A.,00714590155,00714590155,"Via Manzoni, 14",20121,Milano,MI,,,andrea.rocchi@cassalombarda.it,,,,,,,,,,,,,,,,,,,,,,,,86,ITALIA,,301,,Si,Si,,,,,,,,Intracomunitario,,Via Manzoni,14
459,C. CENTR. ALTO ADIGE RAIFFEISEN-LANDESBANK SUEDTIROL A.G.,00194450219,00194450219,"Via Laurin, 1",39100,Bolzano,BZ,,,rlb.invoice@raiffeisen.it,,,,,,,,,,,,,,,,,,,,,,,,86,ITALIA,,409,,Si,Si,,,,,,,,Intracomunitario,,Via Laurin,1
460,ALLIANZ BANK FINANCIAL ADVISORS S.P.A.,01333250320,09733300157,"Piazza Tre Torri, 3",20145,Milano,MI,,,marco.bosisio@allianzbank.it,,,,,,,,,,,,,,,,,,,,,,,,86,ITALIA,,409,,Si,Si,,,,,,,,Intracomunitario,,Piazza Tre Torri,3
461,CASSA CENTRALE BANCA - CREDITO COOPERATIVO ITALIANOSOCIETA',02529020220,00232480228,"Via Giovanni Segantini, 5",38122,Trento,TN,,,matteo.franch@cassacentrale.it,,,,,,,,,,,,,,,,,,,,,,,,86,ITALIA,,301,,Si,Si,,,,,,,,Intracomunitario,,Via Giovanni Segantini,5
462,BFF BANK S.p.A.,07960110158,07960110158,Via Domenichino 5,20149,Milano,MI,,,contabilita.fornitori@bff.com,,,,,,,,,,,,,,,,,,,,,,,,86,ITALIA,,409,,Si,Si,,,,,,,,Intracomunitario,,Via Domenichino,5
463,BANCA POPOLARE ETICA - SOCIETA' COOPERATIVA PER AZIONI (IN F,02622940233,01029710280,"Via Niccolò Tommaseo, 7",35131,Padova,PD,,,pzanet@bancaetica.com,,,,,,,,,,,,,,,,,,,,,,,,86,ITALIA,,301,,Si,Si,,,,,,,,Intracomunitario,,Via Niccolò Tommaseo,7
464,BANCA REGIONALE DI SVILUPPO S.P.A. IN FORMA ABBREVIATA 'BRS,07634270636,07634270636,"Piazza Municipio, 84",80133,Napoli,NA,,,organizzazione@brsspa.it,,,,,,,,,,,,,,,,,,,,,,,,86,ITALIA,,301,,Si,Si,,,,,,,,Intracomunitario,,Piazza Municipio,84
465,IGEA DIGITAL BANK S.P.A.,00923361000,00694710583,Via Tomacelli 107,00186,Roma,RM,,,paolo.vianello@igeabanca.it,,,,,,,,,,,,,,,,,,,,,,,,86,ITALIA,,409,,Si,Si,,,,,,,,Intracomunitario,,Via Tomacelli,107
466,Vivibanca S.p.A.,04255700652,04255700652,Via Giovanni Giolitti 15,10123,Torino,TO,,,massimo.barrera@vivibanca.it,,,,,,,,,,,,,,,,,,,,,,,,86,ITALIA,,301,,Si,Si,,,,,,,,Intracomunitario,,Via Giovanni Giolitti,15
467,BANCO BPM SOCIETA' PER AZIONI,10537050964,09722490969,Piazza Filippo Meda 4,20121,Verona,VR,,,andrea.lemmi@bancobpm.it,,,,,,,,,,,,,,,,,,,,,,,,86,ITALIA,,301,,Si,Si,,,,,,,,Intracomunitario,,Piazza Filippo Meda,4
468,BANCA AGRICOLA POPOLARE DI RAGUSA SOC. COOP. PER AZIONI,00026870881,00026870881,"Viale Europa, 65",97100,Ragusa,RG,,,marco.canzonieri@bapr.it,,,,,,,,,,,,,,,,,,,,,,,,86,ITALIA,,301,,Si,Si,,,,,,,,Intracomunitario,,Viale Europa,65
469,BANCA POPOLARE DEL MEDITERRANEO SOC. COOP. PER AZ.,03547120612,03547120612,"Via A. Depretis, 51",80133,Napoli,NA,,,marcello.malagesi@bpmed.it,,,,,,,,,,,,,,,,,,,,,,,,86,ITALIA,,409,,Si,Si,,,,,,,,Intracomunitario,,Via A. Depretis,51
470,BANCA DI IMOLA S.P.A.,02620360392,00293070371,"Via Emilia, 196",40026,Imola,BO,,,averde@lacassa.com,,,,,,,,,,,,,,,,,,,,,,,,86,ITALIA,,301,,Si,Si,,,,,,,,Intracomunitario,,Via Emilia,196
471,BANCA POPOLARE DEL LAZIO SOCIETA' COOPERATIVA,04781291002,04781291002,"Via Martiri delle Fosse Ardeatine, 9",00049,Velletri,RM,,,carlo.macini@bplazio.it,,,,,,,,,,,,,,,,,,,,,,,,86,ITALIA,,301,,Si,Si,,,,,,,,Intracomunitario,,Via Martiri delle Fosse Ardeatine,9
472,BANCA VALSABBINA SOCIETA' COOPERATIVA PER AZIONI (IN BREVE L,00549950988,00283510170,"Via Molino, 4",25121,Brescia,BS,,,ORGANIZZAZIONE@LAVALSABBINA.IT,,,,,,,,,,,,,,,,,,,,,,,,86,ITALIA,,301,,Si,Si,,,,,,,,Intracomunitario,,Via Molino,4
473,"BANCA DI CREDITO POPOLARE', SOCIETA' COOPERATIVA PER AZIONI",01241921210,00423310630,"Corso V. Emanuele, 92/100",80059,Torre del Greco,NA,,,rascione@bcp.it,,,,,,,,,,,,,,,,,,,,,,,,86,ITALIA,,301,,Si,Si,,,,,,,,Intracomunitario,,Corso V. Emanuele,92/100
474,BANCA DI PIACENZA - SOCIETA' COOPERATIVA PER AZIONI,00144060332,00144060332,"Via Mazzini, 20",29121,Piacenza,PC,,,s.barbieri@bancadipiacenza.it,,,,,,,,,,,,,,,,,,,,,,,,86,ITALIA,,301,,Si,Si,,,,,,,,Intracomunitario,,Via Mazzini,20
475,CREVAL S.P.A.,02886650346,00043260140,"Piazza Quadrivio, 8",23100,Sondrio,SO,,,bergomi.sergioguido@creval.it,,,,,,,,,,,,,,,,,,,,,,,,86,ITALIA,,301,,Si,Si,,,,,,,,Intracomunitario,,Piazza Quadrivio,8
476,BANCA POPOLARE DI LAJATICO SOCIETA' COOPERATIVA PER AZIONI,00139860506,00139860506,"Via Guelfi, 2",56030,Lajatico,PI,,,nicola.borghesi@bplajatico.it,,,,,,,,,,,,,,,,,,,,,,,,86,ITALIA,,301,,Si,Si,,,,,,,,Intracomunitario,,Via Guelfi,2
477,BANCA POPOLARE PUGLIESE - SOCIETA' COOPERATIVA PER AZIONI,02848590754,02848590754,"Via Prov.le per Matino, 5",73046,Matino,LE,,,funzione.organizzazione@bpp.it,,,,,,,,,,,,,,,,,,,,,,,,86,ITALIA,,301,,Si,Si,,,,,,,,Intracomunitario,,Via Prov.le per Matino,5
478,BANCA POPOLARE DI FONDI - SOCIETA' COOPERATIVA,00076260595,00076260595,"Via Appia Km. 118,600",04022,Fondi,LT,,,GIORGIO.DIFONZO@BPFONDI.IT,,,,,,,,,,,,,,,,,,,,,,,,86,ITALIA,,301,,Si,Si,,,,,,,,Intracomunitario,,"Via Appia Km. 118,600",
479,BANCA POPOLARE DEL FRUSINATE SOCIETA' COOPERATIVA PER AZIONI,01781530603,01781530603,"Piazzale De Matthaeis, 55",03100,Frosinone,FR,,,ced@bpf.it,,,,,,,,,,,,,,,,,,,,,,,,86,ITALIA,,409,,Si,Si,,,,,,,,Intracomunitario,,Piazzale De Matthaeis,55
480,CREDIT AGRICOLE FRIULADRIA S.P.A.,02886650346,01369030935,"Piazza XX Settembre, 2",33170,Pordenone,PN,,,cr00729fornitori@credit-agricole.it,,,,,,,,,,,,,,,,,,,,,,,,86,ITALIA,,409,,Si,Si,,,,,,,,Intracomunitario,,Piazza XX Settembre,2
481,BANCA POPOLARE DEL CASSINATE SOCIETA' COOPERATIVA PER AZIONI,00121930606,00121930606,"Piazza Armando Diaz, 14",03043,Cassino,FR,,,m.calacci@bancapopolaredelcassinate.it,,,,,,,,,,,,,,,,,,,,,,,,86,ITALIA,,301,,Si,Si,,,,,,,,Intracomunitario,,Piazza Armando Diaz,14
482,BANCA POPOLARE DI PUGLIA E BASILICATA - SOCIETA' COOPERATIVA,00604840777,00604840777,Via Ottavio Serena 13,70022,Altamura,BA,,,a.rubino@bppb.it,,,,,,,,,,,,,,,,,,,,,,,,86,ITALIA,,409,,Si,Si,,,,,,,,Intracomunitario,,Via Ottavio Serena,13
483,BPER BANCA S.P.A.,03830780361,01153230360,"Via S. Carlo, 8/20",41121,Modena,MO,,, alessandro.biasin@bper.it,,,,,,,,,,,,,,,,,,,,,,,,86,ITALIA,,409,,Si,Si,,,,,,,,Intracomunitario,,Via S. Carlo,8/20
484,Banca Popolare di Bari,00254030729,00254030729,"Corso Cavour, 19",70121,Bari,BA,,,,,,,,,,,,,,,,,,,,,,,,,,,86,ITALIA,,409,,Si,Si,,,,,,,,Intracomunitario,,Corso Cavour,19
485,BANCA DI CIVIDALE SOCIETA' COOPERATIVA PER AZIONI O IN FORMA,03179070218,00249360306,"Via Sen. Guglielmo Pelizzo, 8-1",33043,Cividale del Friuli,UD,,,prodotti.bancari@civibank.it,,,,,,,,,,,,,,,,,,,,,,,,86,ITALIA,,409,,Si,Si,,,,,,,,Intracomunitario,,Via Sen. Guglielmo Pelizzo,8-1
486,BANCA POPOLARE DI CORTONA - SOCIETA' COOPERATIVA PER AZIONI,00121760516,00121760516,"Via Guelfa, 4",52044,Cortona,AR,,,paola.angiolini@popcortona.it,,,,,,,,,,,,,,,,,,,,,,,,86,ITALIA,,301,,Si,Si,,,,,,,,Intracomunitario,,Via Guelfa,4
487,Banca Popolare Vesuviana,01536681214,06412660638,"Via Bracco, 31/35",80047,San Giuseppe Vesuviano,NA,,,,,,,,,,,,,,,,,,,,,,,,,,,86,ITALIA,,409,,Si,Si,,,,,,,,Intracomunitario,,Via Bracco,31/35
488,SANFELICE 1893 BANCA POPOLARE SOCIETA' COOPERATIVA PER AZION,00264720368,00264720368,"Piazza Giacomo Matteotti, 23",41038,San Felice sul Panaro,MO,,,SERVIZIVARI@SANFELICE1893.IT,,,,,,,,,,,,,,,,,,,,,,,,86,ITALIA,,301,,Si,Si,,,,,,,,Intracomunitario,,Piazza Giacomo Matteotti,23
489,Banca Popolare di Sondrio S.p.A.,00053810149,,Piazza Garibaldi 16,23100,Sondrio,SO,,,,,,,,,,,,,,,,,,,,,,,,,,,86,ITALIA,,301,,Si,Si,,,,,,,,Intracomunitario,,Piazza Garibaldi,16
490,"BANCA POPOLARE SANT'ANGELO, SOCIETA' COOPERATIVA PER AZIONI",00089160840,00089160840,"Corso Vittorio Emanuele, 10",90121,Palermo,PA,,,sergio.orlando@bancasantangelo.com,,,,,,,,,,,,,,,,,,,,,,,,86,ITALIA,,301,,Si,Si,,,,,,,,Intracomunitario,,Corso Vittorio Emanuele,10
491,Banca Popolare Valconca ScpA,00125680405,00125680405,"Via R. Bucci, 61",47833,Morciano di Romagna,RN,,,,,,,,,,,,,,,,,,,,,,,,,,,86,ITALIA,,301,,Si,Si,,,,,,,,Intracomunitario,,Via R. Bucci,61
492,CASSA DI SOVVENZIONI E RISPARMIO FRA IL PERSONALE DELLA BANC,00909991002,00532040581,"Via Nazionale, 91",00100,Roma,RM,,,conticorrenti@csrpbi.it,,,,,,,,,,,,,,,,,,,,,,,,86,ITALIA,,301,,Si,Si,,,,,,,,Intracomunitario,,Via Nazionale,91
493,BANCA POPOLARE DELL'ALTO ADIGE SOCIETA' PER AZIONI,00129730214,00129730214,"Via del Macello, 55",39100,Bolzano,BZ,,,Flavio.Dall.Agnol@volksbank.it,,,,,,,,,,,,,,,,,,,,,,,,86,ITALIA,,301,,Si,Si,,,,,,,,Intracomunitario,,Via del Macello,55
494,CASSA DI RISPARMIO DI BOLZANO S.P.A. - SUDTIROLER SPARKASSE,03179070218,00152980215,"Via Cassa di Risparmio, 12/B",39100,Bolzano,BZ,,,manfred.burger@sparkasse.it,,,,,,,,,,,,,,,,,,,,,,,,86,ITALIA,,409,,Si,Si,,,,,,,,Intracomunitario,,Via Cassa di Risparmio,12/B
495,CASSA DI RISPARMIO DI ASTI S.P.A. (IN FORMA ABBREVIATA BANCA,01654870052,00060550050,"Piazza Libertà, 23",14100,Asti,AT,,,paolo.rasero@bancadiasti.it,,,,,,,,,,,,,,,,,,,,,,,,86,ITALIA,,414,,Si,Si,,,,,,,,Intracomunitario,,Piazza Libertà,23
496,CASSA DI RISPARMIO DI BIELLA E VERCELLI - BIVERBANCA SPA,01654870052,01807130024,"Via Carso, 15",13900,Biella,BI,,,paolo.rasero@bancadiasti.it,,,,,,,,,,,,,,,,,,,,,,,,86,ITALIA,,409,,Si,Si,,,,,,,,Intracomunitario,,Via Carso,15
497,CASSA DI RISPARMIO DI BRA S.P.A.,03830780361,00200060044,"Via Principe di Piemonte, 12",12042,Bra,CN,,, alessandro.biasin@bper.it,,,,,,,,,,,,,,,,,,,,,,,,86,ITALIA,,301,,Si,Si,,,,,,,,Intracomunitario,,Via Principe di Piemonte,12
498,CASSA DI RISPARMIO DI CENTO S.P.A.,01208920387,01208920387,"Via Matteotti, 8/B",44042,Cento,FE,,,836@crcento.it,,,,,,,,,,,,,,,,,,,,,,,,86,ITALIA,,301,,Si,Si,,,,,,,,Intracomunitario,,Via Matteotti,8/B
499,CASSA DI RISPARMIO DI FERMO S.P.A. (IN FORMA ABBREVIATA CARI,00112540448,00112540448,"Via Don Ernesto Ricci, 1",63900,Fermo,FM,,,l.minucci@carifermo.it,,,,,,,,,,,,,,,,,,,,,,,,86,ITALIA,,301,,Si,Si,,,,,,,,Intracomunitario,,Via Don Ernesto Ricci,1
500,CASSA DI RISPARMIO DI FOSSANO S.P.A.,00166910042,00166910042,"Via Roma, 122",12045,Fossano,CN,,,FOS078@CRFOSSANO.IT,,,,,,,,,,,,,,,,,,,,,,,,86,ITALIA,,301,,Si,Si,,,,,,,,Intracomunitario,,Via Roma,122
501,BANCA CARIGE S.P.A.,03285880104,03285880104,"Via Cassa di Risparmio, 15",16121,Genova,GE,,,processi.pagamento@carige.it,,,,,,,,,,,,,,,,,,,,,,,,86,ITALIA,,301,,Si,Si,,,,,,,,Intracomunitario,,Via Cassa di Risparmio,15
502,CASSA DI RISPARMIO DI ORVIETO S.P.A.,00063960553,00063960553,"Piazza della Repubblica, 21",05018,Orvieto,TR,,,r.carducci@cariorvieto.it,,,,,,,,,,,,,,,,,,,,,,,,86,ITALIA,,409,,Si,Si,,,,,,,,Intracomunitario,,Piazza della Repubblica,21
503,CREDIT AGRICOLE ITALIA S.P.A.,02886650346,02113530345,"Via Università, 1",43121,Parma,PR,,,alberto.rebecchi@credit-agricole.it,,,,,,,,,,,,,,,,,,,,,,,,86,ITALIA,,409,,Si,Si,,,,,,,,Intracomunitario,,Via Università,1
504,LA CASSA DI RAVENNA S.P.A.,02620360392,01188860397,"Piazza Garibaldi, 6",48121,Ravenna,RA,,,averde@lacassa.com,,,,,,,,,,,,,,,,,,,,,,,,86,ITALIA,,301,,Si,Si,,,,,,,,Intracomunitario,,Piazza Garibaldi,6
505,CASSA DI RISPARMIO DI SALUZZO S.P.A.,03830780361,00243830049,"Corso Italia, 86",12037,Saluzzo,CN,,, alessandro.biasin@bper.it,,,,,,,,,,,,,,,,,,,,,,,,86,ITALIA,,301,,Si,Si,,,,,,,,Intracomunitario,,Corso Italia,86
506,BANCA CASSA DI RISPARMIO DI SAVIGLIANO S.P.A.,00204500045,00204500045,"Piazza del Popolo, 15",12038,Savigliano,CN,,,organizzazione@bancacrs.it,,,,,,,,,,,,,,,,,,,,,,,,86,ITALIA,,301,,Si,Si,,,,,,,,Intracomunitario,,Piazza del Popolo,15
507,CASSA DI RISPARMIO DI VOLTERRA S.P.A.,01225610508,01225610508,"Piazza dei Priori, 16/18",56048,Volterra,PI,,,giorgio.bonicoli@crvolterra.it,,,,,,,,,,,,,,,,,,,,,,,,86,ITALIA,,301,,Si,Si,,,,,,,,Intracomunitario,,Piazza dei Priori,16/18
508,BANCA DEL MONTE DI LUCCA S.P.A.,01459540462,01459540462,"Piazza S. Martino, 4",55100,Lucca,LU,,,processi.pagamento@carige.it,,,,,,,,,,,,,,,,,,,,,,,,86,ITALIA,,301,,Si,Si,,,,,,,,Intracomunitario,,Piazza S. Martino,4
509,BANCA DI CREDITO COOPERATIVO DI BARI - SOCIETA' COOPERATIVA,15240741007,04499160721,"Via Nicola de Nicolo', 52",70121,Bari,BA,,,amministrazione@bari.bcc.it,,,,,,,,,,,,,,,,,,,,,,,,86,ITALIA,,409,,Si,Si,,,,,,,,Intracomunitario,,Via Nicola de Nicolò,52
510,BANCA DI CREDITO COOPERATIVO DEL CIRCEO E PRIVERNATE - SOCIE,02529020220,01710450592,"Via Torino, 5",04016,Sabaudia,LT,,,contabilita@bccc.it,,,,,,,,,,,,,,,,,,,,,,,,86,ITALIA,,301,,Si,Si,,,,,,,,Intracomunitario,,Via Torino,5
511,BANCA DELL'ELBA CREDITO COOPERATIVO - SOCIETA' COOPERATIVA,15240741007,01221550492,"Calata Italia, 26",57037,Portoferraio,LI,,,p.paolini@bancaelba.it,,,,,,,,,,,,,,,,,,,,,,,,86,ITALIA,,301,,Si,Si,,,,,,,,Intracomunitario,,Calata Italia,26
512,BANCA DELL'ALTA MURGIA CREDITO COOPERATIVO - SOCIETA' COOPER,02529020220,05175940724,"Piazza Zanardelli, 16",70022,Altamura,BA,,,backoffice@bccaltamurgia.it,,,,,,,,,,,,,,,,,,,,,,,,86,ITALIA,,301,,Si,Si,,,,,,,,Intracomunitario,,Piazza Zanardelli,16
513,CREDITO COOPERATIVO MEDIOCRATI - SOCIETA' COOPERATIVA,15240741007,02300410780,Via Vittorio Alfieri,87036,Rende,CS,,,marketing@mediocrati.bcc.it,,,,,,,,,,,,,,,,,,,,,,,,86,ITALIA,,301,,Si,Si,,,,,,,,Intracomunitario,,Via Vittorio Alfieri,SNC
514,BANCA DI CREDITO COOPERATIVO DI BUCCINO E DEI COMUNI CILENTA,15240741007,03685090650,"Via S. Pio X, 30/32",84043,Agropoli,SA,,,AREINA@COMUNICILENTANI.BCC.IT,,,,,,,,,,,,,,,,,,,,,,,,86,ITALIA,,301,,Si,Si,,,,,,,,Intracomunitario,,Via S. Pio X,30/32
515,CREDITO COOP.VO ROMAGNOLO - BCC DI CESENA E GATTEO - S.C.,15240741007,04241970401,"Viale Bovio, 76",47521,Cesena,FC,,,sa@ccromagnolo.it,,,,,,,,,,,,,,,,,,,,,,,,86,ITALIA,,301,,Si,Si,,,,,,,,Intracomunitario,,Viale Bovio,76
516,EMIL BANCA - CREDITO COOPERATIVO - SOCIETA' COOPERATIVA,15240741007,02888381205,"Via G. Mazzini, 152",40121,Bologna,BO,,,alex.boschi@emilbanca.it,,,,,,,,,,,,,,,,,,,,,,,,86,ITALIA,,301,,Si,Si,,,,,,,,Intracomunitario,,Via G. Mazzini,152
517,BANCA CENTRO-CREDITO COOPERATIVO TOSCANA-UMBRIA SOC.COOPERAT,15240741007,03518350545,"Via del Crocino, 2",53018,Sovicille,SI,,,niccolo.nocifero@cras.bcc.it,,,,,,,,,,,,,,,,,,,,,,,,86,ITALIA,,409,,Si,Si,,,,,,,,Intracomunitario,,Via del Crocino,2
518,BANCA CREMASCA E MANTOVANA - CREDITO COOPERATIVO - SOCIETA',15240741007,01230590190,"Piazza Garibaldi, 29",26013,Crema,CR,,,organizzazione@creman.bcc.it,,,,,,,,,,,,,,,,,,,,,,,,86,ITALIA,,301,,Si,Si,,,,,,,,Intracomunitario,,Piazza Garibaldi,29
519,BANCA DI CREDITO COOPERATIVO DEI CASTELLI E DEGLI IBLEI SOCI,02529020220,01617330855,"Viale della Repubblica, 1",93013,Mazzarino,CL,,,organizzazione@castellituscolo.bcc.it,,,,,,,,,,,,,,,,,,,,,,,,86,ITALIA,,301,,Si,Si,,,,,,,,Intracomunitario,,Viale della Repubblica,1
520,"CREDITO ETNEO - BANCA DI CREDITO COOPERATIVO, SOCIETA' COOPE",02529020220,03724410877,"Viale Odorico da Pordenone, 19/21",95100,Catania,CT,,,organizzazione@creditoetneo.it,,,,,,,,,,,,,,,,,,,,,,,,86,ITALIA,,301,,Si,Si,,,,,,,,Intracomunitario,,Viale Odorico da Pordenone,19/21
521,BANCA DELLA MARCA CREDITO COOPERATIVO - SOCIETA' COOPERATIVA,15240741007,03669140265,"Via G. Garibaldi, 46",31010,Orsago,TV,,,tesenti@bancadellamarca.it,,,,,,,,,,,,,,,,,,,,,,,,86,ITALIA,,301,,Si,Si,,,,,,,,Intracomunitario,,Via G. Garibaldi,46
522,CREDITO COOPERATIVO FRIULI (ABBREVIATO CREDIFRIULI) - SOCIET,15240741007,02216020301,"Via Giovanni Paolo II, 27",33100,Udine,UD,,,credifriuli.monetica@credifriuli.it,,,,,,,,,,,,,,,,,,,,,,,,86,ITALIA,,301,,Si,Si,,,,,,,,Intracomunitario,,Via Giovanni Paolo II,27
523,BANCA DI TARANTO - BANCA DI CREDITO COOPERATIVO - SOCIETA' C,15240741007,02389630738,"Via Angelo Berardi, 31",74121,Taranto,TA,,,tgiannico@bancaditaranto.com,,,,,,,,,,,,,,,,,,,,,,,,86,ITALIA,,301,,Si,Si,,,,,,,,Intracomunitario,,Via Angelo Berardi,31
524,BANCA MALATESTIANA - CREDITO COOPERATIVO - SOCIETA' COOPERAT,02529020220,03310710409,"Via XX Settembre, 63",47921,Rimini,RN,,,info@bancamalatestiana.it,,,,,,,,,,,,,,,,,,,,,,,,86,ITALIA,,301,,Si,Si,,,,,,,,Intracomunitario,,Via XX Settembre,63
525,BANCA DEL CATANZARESE - CREDITO COOPERATIVO - SOC. COOP.,15240741007,03402920791,Via San Francesco di Paola,88044,Marcellinara,CZ,,,segreteria@catanzarese.bcc.it,,,,,,,,,,,,,,,,,,,,,,,,86,ITALIA,,301,,Si,Si,,,,,,,,Intracomunitario,,Via San Francesco di Paola,SNC
526,BANCA DI CREDITO COOPERATIVO DEI CASTELLI ROMANI E DEL TUSCO,02529020220,07311521004,"Via della Rocca, 18",00040,Castel Gandolfo,RM,,,contabilita@castellituscolo.bcc.it,,,,,,,,,,,,,,,,,,,,,,,,86,ITALIA,,301,,Si,Si,,,,,,,,Intracomunitario,,Via della Rocca,18
527,BANCA DI CREDITO COOPERATIVO DI MASSAFRA - SOCIETA' COOPERAT,15240741007,02425620735,"Via Mazzini, 65",74016,Massafra,TA,,,antonio.fina@bccmassafra.it,,,,,,,,,,,,,,,,,,,,,,,,86,ITALIA,,301,,Si,Si,,,,,,,,Intracomunitario,,Via Mazzini,65
528,BANCA DI CREDITO COOPERATIVO DI CAGLIARI SOCIETA' COOPERATIV,15240741007,02742900927,"Via Francesco Ciusa, 52",09121,Cagliari,CA,,,afanari@bcccagliari.bcc.it,,,,,,,,,,,,,,,,,,,,,,,,86,ITALIA,,409,,Si,Si,,,,,,,,Intracomunitario,,Via Francesco Ciusa,52
529,BANCA DI ANDRIA DI CREDITO COOPERATIVO - SOCIETA' COOPERATIV,15240741007,06059120722,"Via Don Luigi Sturzo, 9/11/13",76123,Andria,BT,,,n.bitetto@andria.bcc.it,,,,,,,,,,,,,,,,,,,,,,,,86,ITALIA,,409,,Si,Si,,,,,,,,Intracomunitario,,Via Don Luigi Sturzo,9/11/13
530,BANCA DI CREDITO COOPERATIVO AGRIGENTINO - SOCIETA' COOPERAT,15240741007,02428850842,"Viale Leonardo Sciascia, 158",92100,Agrigento,AG,,,anna.limbici@agrigentino.bcc.it,,,,,,,,,,,,,,,,,,,,,,,,86,ITALIA,,409,,Si,Si,,,,,,,,Intracomunitario,,Viale Leonardo Sciascia,158
531,BANCA DI CREDITO COOPERATIVO DI NAPOLI SOCIETA' COOPERATIVA,15240741007,05587171215,"Via Roberto Bracco, 27/29",80100,Napoli,NA,,,organizzazione@bccnapoli.bcc.it,,,,,,,,,,,,,,,,,,,,,,,,86,ITALIA,,301,,Si,Si,,,,,,,,Intracomunitario,,Via Roberto Bracco,27/29
532,BANCA DI CREDITO COOPERATIVO DI PUTIGNANO - SOC. COOP.,15240741007,06570340726,"Via Margherita di Savoia, 13",70017,Putignano,BA,,,giovanni.donghia@putignano.bcc.it,,,,,,,,,,,,,,,,,,,,,,,,86,ITALIA,,409,,Si,Si,,,,,,,,Intracomunitario,,Via Margherita di Savoia,13
533,"BANCA DEL GRAN SASSO D'ITALIA, BANCA DI CREDITO COOPERATIVO",02529020220,90016030679,"S.S. 16, angolo Via del Vomano, 55",64025,Pineto,TE,,,marioconcetta.disaverio@bancadelgransasso.it,,,,,,,,,,,,,,,,,,,,,,,,86,ITALIA,,301,,Si,Si,,,,,,,,Intracomunitario,,"S.S. 16, angolo Via del Vomano",55
534,VIVAL BANCA - BANCA DI CREDITO COOPERATIVO DI MONTECATINI TE,15240741007,00088180476,"Via Provinciale Lucchese, 125/B",51016,Montecatini Terme,PT,,,giovanni.romboli@vivalbanca.bcc.it,,,,,,,,,,,,,,,,,,,,,,,,86,ITALIA,,301,,Si,Si,,,,,,,,Intracomunitario,,Via Provinciale Lucchese,125/B
535,CASSA RAIFFEISEN VAL BADIA SOCIETA' COOPERATIVA - GENOSSENSC,00181060211,00181060211,"Via Col Alt, 16",39033,Corvara in Badia,BZ,,,corvara@raiffeisen.it,,,,,,,,,,,,,,,,,,,,,,,,86,ITALIA,,301,,Si,Si,,,,,,,,Intracomunitario,,Via Col Alt,16
536,CASSA RURALE VALLAGARINA - BANCA DI CREDITO COOPERATIVO - SO,02529020220,00148270226,"Via Gianfrancesco Malfatti, 2",38061,Ala,TN,,,info@crvallagarina.it,,,,,,,,,,,,,,,,,,,,,,,,86,ITALIA,,301,,Si,Si,,,,,,,,Intracomunitario,,Via Gianfrancesco Malfatti,2
537,CASSA RURALE ALTO GARDA - BCC - SOC. COOP.,02529020220,00105910228,"Viale delle Magnolie, 1",38062,Arco,TN,,,carlo.tonelli@cr-altogarda.net,,,,,,,,,,,,,,,,,,,,,,,,86,ITALIA,,301,,Si,Si,,,,,,,,Intracomunitario,,Viale delle Magnolie,1
538,CASSA RAIFFEISEN ALTA PUSTERIA SOCIETA' COOPERATIVA (IN LING,00143210219,00143210219,"Piazza del Magistrato, 3",39038,San Candido,BZ,,,rk.hochpustertal@raiffeisen.it,,,,,,,,,,,,,,,,,,,,,,,,86,ITALIA,,301,,Si,Si,,,,,,,,Intracomunitario,,Piazza del Magistrato,3
539,CASSA RURALE ADAMELLO BANCA DI CREDITO COOPERATIVO - SOCIETA,02529020220,00210910220,"Viale Marconi, 2",38079,Tione di Trento,TN,,,incassiepagamenti@cr-adamello.it,,,,,,,,,,,,,,,,,,,,,,,,86,ITALIA,,301,,Si,Si,,,,,,,,Intracomunitario,,Viale Marconi,2
540,CASSA RURALE DI LEDRO - BANCA DI CREDITO COOPERATIVO - SOCIE,02529020220,00106040223,"Viale Chiassi, 17",38067,Ledro,TN,,,amministrazione@cr-ledro.net,,,,,,,,,,,,,,,,,,,,,,,,86,ITALIA,,301,,Si,Si,,,,,,,,Intracomunitario,,Viale Chiassi,17
541,BANCA DI CREDITO COOPERATIVO DI BORGHETTO LODIGIANO - SOCIET,15240741007,00781330154,"Via Garibaldi, 63",26812,Borghetto Lodigiano,LO,,,anegri@borghettolod.bcc.it,,,,,,,,,,,,,,,,,,,,,,,,86,ITALIA,,301,,Si,Si,,,,,,,,Intracomunitario,,Via Garibaldi,63
542,CASSA RAIFFEISEN DI BRUNICO SOCIETA' COOPERATIVA (IN LINGUA,00198190217,00198190217,"Via Europa, 19",39031,Brunico,BZ,,,rk.bruneck@raiffeisen.it,,,,,,,,,,,,,,,,,,,,,,,,86,ITALIA,,301,,Si,Si,,,,,,,,Intracomunitario,,Via Europa,19
543,CASSA RAIFFEISEN CASTELROTTO - ORTISEI SOC. COOPERATIVA - RA,00170970214,00170970214,"Via O. V. Wolkenstein, 9-A",39040,Castelrotto,BZ,,,kastelruth.stulrich@raiffeisen.it,,,,,,,,,,,,,,,,,,,,,,,,86,ITALIA,,301,,Si,Si,,,,,,,,Intracomunitario,,Via O. V. Wolkenstein,9-A
544,CASSA RAIFFEISEN SCHLERN - ROSENGARTEN SOCIETA' COOPERATIVA,00182930214,00182930214,"Zona Produttiva, 1",39053,Cornedo all'Isarco,BZ,,,rk.schlern-rosengarten@raiffeisen.it,,,,,,,,,,,,,,,,,,,,,,,,86,ITALIA,,301,,Si,Si,,,,,,,,Intracomunitario,,Zona Produttiva,1
545,CASSA RAIFFEISEN ALTA VENOSTA SOCIETA' COOPERATIVA (IN LINGU,00137230215,00137230215,"Via Vittorio Veneto, 72",39027,Curon Venosta,BZ,,,rk.obervinschgau@raiffeisen.it,,,,,,,,,,,,,,,,,,,,,,,,86,ITALIA,,301,,Si,Si,,,,,,,,Intracomunitario,,Via Vittorio Veneto,72
546,CASSA RURALE GIUDICARIE VALSABBIA PAGANELLA - BANCA DI CREDI,02529020220,00158520221,"Via T.C. Marini, 33",38077,Comano Terme,TN,,,a.tanel@lacassarurale.it,,,,,,,,,,,,,,,,,,,,,,,,86,ITALIA,,301,,Si,Si,,,,,,,,Intracomunitario,,Via T.C. Marini,33
547,CASSA RAIFFEISEN DI DOBBIACO SOCIETA' COOPERATIVA (IN LINGUA,00174900217,00174900217,"Via Conte Kuenigl, 1",39034,Dobbiaco,BZ,,,rk.toblach@raiffeisen.it,,,,,,,,,,,,,,,,,,,,,,,,86,ITALIA,,301,,Si,Si,,,,,,,,Intracomunitario,,Via Conte Kuenigl,1
548,CASSA RURALE DI BOLZANO SOCIETA' COOPERATIVA (IN LINGUA TEDE,00180630212,00180630212,"Via De Lai, 2",39100,Bolzano,BZ,,,rk.bozen@raiffeisen.it,,,,,,,,,,,,,,,,,,,,,,,,86,ITALIA,,301,,Si,Si,,,,,,,,Intracomunitario,,Via De Lai,2
549,BANCA DI ANCONA E FALCONARA MARITTIMA CRED. COOP - SOC. COOP,15240741007,00982770422,"Via dell'Agricoltura, 1",60127,Ancona,AN,,,banca@anconafalconara.bcc.it,,,,,,,,,,,,,,,,,,,,,,,,86,ITALIA,,301,,Si,Si,,,,,,,,Intracomunitario,,Via dell'Agricoltura,1
550,CASSA RAIFFEISEN DI FUNES SOCIETA' COOPERATIVA (IN LINGUA TE,00159510213,00159510213,"Peterweg, N. 6",39040,Funes,BZ,,,rk.villnoess@raiffeisen.it,,,,,,,,,,,,,,,,,,,,,,,,86,ITALIA,,301,,Si,Si,,,,,,,,Intracomunitario,,Peterweg,6
551,CASSA RURALE VALSUGANA E TESINO - BANCA DI CREDITO COOPERATI,02529020220,00103230223,"Viale IV Novembre, 20",38051,Borgo Valsugana,TN,,,lorenzo.ballerin@cr-valsuganaetesino.net,,,,,,,,,,,,,,,,,,,,,,,,86,ITALIA,,301,,Si,Si,,,,,,,,Intracomunitario,,Viale IV Novembre,20
552,CASSA RAIFFEISEN DI LAGUNDO SOCIETA' COOPERATIVA (IN LINGUA,00163310212,00163310212,"Via Strada Vecchia, 21",39022,Lagundo,BZ,,,info@raika.it,,,,,,,,,,,,,,,,,,,,,,,,86,ITALIA,,301,,Si,Si,,,,,,,,Intracomunitario,,Via Strada Vecchia,21
553,CASSA RAIFFEISEN DELLA VALLE ISARCO SOCIETA' COOPERATIVA (IN,00181170218,00181170218,"Piazza Centrale, 6B",39040,Laion,BZ,,,rk.untereisacktal@raiffeisen.it,,,,,,,,,,,,,,,,,,,,,,,,86,ITALIA,,301,,Si,Si,,,,,,,,Intracomunitario,,Piazza Centrale,6/B
554,CASSA RAIFFEISEN BASSA ATESINA (IN LINGUA TEDESCA RAIFFEISEN,00143480218,00143480218,"Via B. Franklin, 6",39055,Laives,BZ,,,rk.unterland@raiffeisen.it,,,,,,,,,,,,,,,,,,,,,,,,86,ITALIA,,301,,Si,Si,,,,,,,,Intracomunitario,,Via B. Franklin,6
555,Raiffeisenkasse LanaGenossenschaft Cassa RaiffeisenLana Sc,00186510210,00186510210,"Via Madonna del Suffragio, 22",39011,Lana,BZ,,,,,,,,,,,,,,,,,,,,,,,,,,,86,ITALIA,,301,,Si,Si,,,,,,,,Intracomunitario,,Via Madonna del Suffragio,22
556,CASSA RAIFFEISEN DI LASA SOCIETA' COOPERATIVA (IN LINGUA TED,00163250210,00163250210,"Via Venosta, 48",39023,Lasa,BZ,,,rk.laas@raiffeisen.it,,,,,,,,,,,,,,,,,,,,,,,,86,ITALIA,,301,,Si,Si,,,,,,,,Intracomunitario,,Via Venosta,48
557,BANCA DI CREDITO COOPERATIVO DI MONTEPAONE SOCIETA' COOPERAT,15240741007,01661590792,"Via Nazionale, 39/41",88060,Montepaone,CZ,,,economato@montepaone.bcc.it,,,,,,,,,,,,,,,,,,,,,,,,86,ITALIA,,301,,Si,Si,,,,,,,,Intracomunitario,,Via Nazionale,39/41
558,CASSA RAIFFEISEN DI MARLENGO SOCIETA' COOPERATIVA (IN LINGUA,00147690218,00147690218,"Via Franz Innerhofer, 3",39020,Marlengo,BZ,,,rk.marling@raiffeisen.it,,,,,,,,,,,,,,,,,,,,,,,,86,ITALIA,,301,,Si,Si,,,,,,,,Intracomunitario,,Via Franz Innerhofer,3
559,CASSA RURALE ROTALIANA E GIOVO - BANCA DI CREDITO COOPERATIV,02529020220,00158680223,"Corso del Popolo, 22",38017,Mezzolombardo,TN,,,Segreteriagenerale@cr-rotalianagiovo.net,,,,,,,,,,,,,,,,,,,,,,,,86,ITALIA,,301,,Si,Si,,,,,,,,Intracomunitario,,Corso del Popolo,22
560,CASSA RURALE DOLOMITI DI FASSA PRIMIERO E BELLUNO - BANCA DI,02529020220,00135870228,"Piaz De Sotegrava, 1",38035,Moena,TN,,,organizzazione@crdolomiti.it,,,,,,,,,,,,,,,,,,,,,,,,86,ITALIA,,301,,Si,Si,,,,,,,,Intracomunitario,,Piaz De Sotegrava,1
561,CASSA RAIFFEISEN DI MONGUELFO-CASIES-TESIDO SOCIETA' COOPERA,00171380215,00171380215,"Via Pusteria, 9",39035,Monguelfo-Tesido,BZ,,,rk_welsberg-gsies-taisten@raiffeisen.it,,,,,,,,,,,,,,,,,,,,,,,,86,ITALIA,,301,,Si,Si,,,,,,,,Intracomunitario,,Via Pusteria,9
562,BANCA DI CREDITO COOPERATIVO DI BASCIANO - SOC. COOP.,15240741007,80177310580,"Contrada Salara, 33",64030,Basciano,TE,,,bccbasciano@fedam.bcc.it,,,,,,,,,,,,,,,,,,,,,,,,86,ITALIA,,301,,Si,Si,,,,,,,,Intracomunitario,,Contrada Salara,33
563,"BANCA 2021 - C.C. DEL CILENTO, VALLO DI DIANO E LUCANIA",15240741007,02596790655,Via A.R. Passaro SNC,84078,Vallo della Lucania,SA,,,info@bancadelcilento.it,,,,,,,,,,,,,,,,,,,,,,,,86,ITALIA,,301,,Si,Si,,,,,,,,Intracomunitario,,Via A.R. Passaro,SNC
564,CASSA RAIFFEISEN BASSA VENOSTA SOCIETA' COOPERATIVA (IN LING,00159550219,00159550219,"Via Principale, 12",39025,Naturno,BZ,,,rk.untervinschgau@raiffeisen.it,,,,,,,,,,,,,,,,,,,,,,,,86,ITALIA,,301,,Si,Si,,,,,,,,Intracomunitario,,Via Principale,12
565,CASSA RAIFFEISEN DI NOVA PONENTE-ALDINO SOCIETA' COOPERATIVA,00163220213,00163220213,"Via Principale, 4",39050,Nova Ponente,BZ,,,rk.deutschnofen-aldein@raiffeisen.it,,,,,,,,,,,,,,,,,,,,,,,,86,ITALIA,,301,,Si,Si,,,,,,,,Intracomunitario,,Via Principale,4
566,CASSA RURALE VAL DI SOLE - BANCA DI CREDITO COOPERATIVO - SO,02529020220,01258070224,"Via IV Novembre, 13",38027,Malè,TN,,,diego.podetti@cr-valdisole.it,,,,,,,,,,,,,,,,,,,,,,,,86,ITALIA,,301,,Si,Si,,,,,,,,Intracomunitario,,Via IV Novembre,13
567,CASSA RAIFFEISEN DI PARCINES SOCIETA' COOPERATIVA (IN LINGUA,00169290210,00169290210,"Via Spauregg, 12",39020,Parcines,BZ,,,rk.partschins@raiffeisen.it,,,,,,,,,,,,,,,,,,,,,,,,86,ITALIA,,301,,Si,Si,,,,,,,,Intracomunitario,,Via Spauregg,12
568,CASSA RURALE ALTA VALSUGANA - BANCA DI CREDITO COOPERATIVO -,02529020220,00109850222,"Piazza Gavazzi, 5",38057,Pergine Valsugana,TN,,,incassiepagamenti@cr-altavalsugana.net,,,,,,,,,,,,,,,,,,,,,,,,86,ITALIA,,301,,Si,Si,,,,,,,,Intracomunitario,,Piazza Gavazzi,5
569,CASSA RAIFFEISEN WIPPTAL SOCIETA' COOPERATIVA (IN LINGUA TED,00165630211,00165630211,"Città Nuova, 9",39049,Vipiteno,BZ,,,rkwipptal.servicecenter@raiffeisen.it,,,,,,,,,,,,,,,,,,,,,,,,86,ITALIA,,301,,Si,Si,,,,,,,,Intracomunitario,,Città Nuova,9
570,CASSA RAIFFEISEN PRATO-TUBRE SOCIETA' COOPERATIVA (IN LINGUA,00161920210,00161920210,"Via Croce, 8",39026,Prato allo Stelvio,BZ,,,rk.prad-taufers@raiffeisen.it,,,,,,,,,,,,,,,,,,,,,,,,86,ITALIA,,301,,Si,Si,,,,,,,,Intracomunitario,,Via Croce,8
571,CASSA RURALE  VAL DI FIEMME - BANCA DI CREDITO COOPERATIVO -,02529020220,00104040225,"Piazza Cesare Battisti, 12",38037,Predazzo,TN,,,diego.delvai@crvaldifiemme.it,,,,,,,,,,,,,,,,,,,,,,,,86,ITALIA,,301,,Si,Si,,,,,,,,Intracomunitario,,Piazza Cesare Battisti,12
572,CASSA RURALE RENON SOCIETA' COOPERATIVA (IN LINGUA TEDESCA R,02529020220,00182850214,"Via del Paese, 7",39054,Renon,BZ,,,edv@raikaritten.it,,,,,,,,,,,,,,,,,,,,,,,,86,ITALIA,,301,,Si,Si,,,,,,,,Intracomunitario,,Via del Paese,7
573,BANCA DI CREDITO COOPERATIVO DELLA VALLE DEL TRIGNO - SOCIET,15240741007,00674390703,"Via Duca degli Abruzzi, 103",66050,San Salvo,CH,,,direttore@longi.bcc.it,,,,,,,,,,,,,,,,,,,,,,,,86,ITALIA,,301,,Si,Si,,,,,,,,Intracomunitario,,Via Duca degli Abruzzi,103
574,CASSA RURALE NOVELLA E ALTA ANAUNIA - BANCA DI CREDITO COOPE,02529020220,00105000228,"Via C.A. Martini, 36",38013,Fondo,TN,,,ced@cr-novella.net,,,,,,,,,,,,,,,,,,,,,,,,86,ITALIA,,301,,Si,Si,,,,,,,,Intracomunitario,,Via C.A. Martini,36
575,CASSA RURALE DI ROVERETO - BANCA DI CREDITO COOPERATIVO - SO,02529020220,00106190226,"Via Manzoni, 1",38068,Rovereto,TN,,,infocoge@cr-rovereto.net,,,,,,,,,,,,,,,,,,,,,,,,86,ITALIA,,301,,Si,Si,,,,,,,,Intracomunitario,,Via Manzoni,1
576,CASSA RURALE DI SALORNO SOCIETA' COOPERATIVA (IN LINGUA TEDE,00147330211,00147330211,"Via Trento, 7",39040,Salorno,BZ,,,rk.salurn@raiffeisen.it,,,,,,,,,,,,,,,,,,,,,,,,86,ITALIA,,301,,Si,Si,,,,,,,,Intracomunitario,,Via Trento,7
577,CASSA RAIFFEISEN DI SAN MARTINO IN PASSIRIA SOCIETA' COOPERA,02529020220,00143190213,"Via Giovo, 7",39010,San Martino in Passiria,BZ,,,tobias.heel@raikastmartin.it,,,,,,,,,,,,,,,,,,,,,,,,86,ITALIA,,301,,Si,Si,,,,,,,,Intracomunitario,,Via Giovo,7
578,CASSA RAIFFEISEN ULTIMO - S. PANCRAZIO - LAUREGNO SOCIETA' C,00137770210,00137770210,"Via Principale, 118",39016,Ultimo,BZ,,,rk_ulten-st.pankraz-laurein@raiffeisen.it,,,,,,,,,,,,,,,,,,,,,,,,86,ITALIA,,301,,Si,Si,,,,,,,,Intracomunitario,,Via Principale,118
579,CASSA RAIFFEISEN VAL SARENTINO SOCIETA' COOPERATIVA (IN LING,00181040213,00181040213,"Piazza della Chiesa, 5",39058,Sarentino,BZ,,,rk.sarntal@raiffeisen.it,,,,,,,,,,,,,,,,,,,,,,,,86,ITALIA,,301,,Si,Si,,,,,,,,Intracomunitario,,Piazza della Chiesa,5
580,CASSA RAIFFEISEN DI SCENA SOCIETA' COOPERATIVA (IN LINGUA TE,00143180214,00143180214,"Piazza Arciduca Giovanni, 2",39017,Scena,BZ,,,rk.ueberetsch@raiffeisen.it,,,,,,,,,,,,,,,,,,,,,,,,86,ITALIA,,301,,Si,Si,,,,,,,,Intracomunitario,,Piazza Arciduca Giovanni,2
581,CASSA RAIFFEISEN VAL GARDENA SOCIETA' COOPERATIVA (RAIFFEISE,00134590215,00134590215,"Via Meisules, 211",39048,Selva di Val Gardena,BZ,,,gherdeina@raiffeisen.it,,,,,,,,,,,,,,,,,,,,,,,,86,ITALIA,,301,,Si,Si,,,,,,,,Intracomunitario,,Via Meisules,211
582,CASSA RAIFFEISEN SILANDRO SOCIETA' COOPERATIVA (IN LINGUA TE,00171320211,00171320211,"Via Principale, 33",39028,Silandro,BZ,,,rk.schlanders@raiffeisen.it,,,,,,,,,,,,,,,,,,,,,,,,86,ITALIA,,301,,Si,Si,,,,,,,,Intracomunitario,,Via Principale,33
583,Cassa Raiffeisen Oltradige Soc.Coop.,00142030212,00142030212,"Piazza Municipio, 13",39057,Appiano sulla Strada del Vino,BZ,,,,,,,,,,,,,,,,,,,,,,,,,,,86,ITALIA,,301,,Si,Si,,,,,,,,Intracomunitario,,Piazza Municipio,13
584,CREDITO COOPERATIVO CENTRO CALABRIA - SOCIETA' COOPERATIVA,02529020220,01935780799,"Via Flaminia, 1",88046,Lamezia Terme,CZ,,,giuseppe.marra@centrocalabria.it,,,,,,,,,,,,,,,,,,,,,,,,86,ITALIA,,301,,Si,Si,,,,,,,,Intracomunitario,,Via Flaminia,1
585,CASSA RAIFFEISEN ETSCHTAL SOCIETA' COOPERATIVA (IN LINGUA TE,00158030213,00158030213,"Piazza Dott. Weiser, 9",39018,Terlano,BZ,,,rk.etschtal@raiffeisen.it,,,,,,,,,,,,,,,,,,,,,,,,86,ITALIA,,301,,Si,Si,,,,,,,,Intracomunitario,,Piazza Dott. Weiser,9
586,CASSA RAIFFEISEN DI TESIMO SOCIETA' COOPERATIVA (IN LINGUA T,00146490214,00146490214,"Via Tesimo, 81",39010,Tesimo,BZ,,,rk.tisens@raiffeisen.it,,,,,,,,,,,,,,,,,,,,,,,,86,ITALIA,,301,,Si,Si,,,,,,,,Intracomunitario,,Via Tesimo,81
587,CASSA RAIFFEISEN TIROLO SOCIETA' COOPERATIVA (IN LINGUA TEDE,00129600219,00129600219,"Via Principale, 31",39019,Tirolo,BZ,,,rk.tirol@raiffeisen.it,,,,,,,,,,,,,,,,,,,,,,,,86,ITALIA,,301,,Si,Si,,,,,,,,Intracomunitario,,Via Principale,31
588,CASSA RURALE VAL DI NON - BANCA DI CREDITO COOPERATIVO - SOC,02529020220,00104570221,"Via G. Marconi, 58",38023,Cles,TN,,,si@crvaldinon.it,,,,,,,,,,,,,,,,,,,,,,,,86,ITALIA,,301,,Si,Si,,,,,,,,Intracomunitario,,Via G. Marconi,58
589,CASSA RAIFFEISEN TURES-AURINA SOCIETA' COOPERATIVA (IN LINGU,00193730215,00193730215,"Via Valle Aurina, 20",39032,Campo Tures,BZ,,,rta@raiffeisen.it,,,,,,,,,,,,,,,,,,,,,,,,86,ITALIA,,301,,Si,Si,,,,,,,,Intracomunitario,,Via Valle Aurina,20
590,CASSA RAIFFEISEN DI VANDOIES SOCIETA' COOPERATIVA (IN LINGUA,00181320219,00181320219,"Via Josef Anton Zoller, 6",39030,Vandoies,BZ,,,rk.vintl@raiffeisen.it,,,,,,,,,,,,,,,,,,,,,,,,86,ITALIA,,301,,Si,Si,,,,,,,,Intracomunitario,,Via Josef Anton Zoller,6
591,CASSA DI TRENTO LAVIS MEZZOCORONA E VALLE DI CEMBRA BCC S.C.,02529020220,00107860223,"Via Belenzani, 6",38121,Trento,TN,,,incassiepagamenti@cassaditrento.it,,,,,,,,,,,,,,,,,,,,,,,,86,ITALIA,,409,,Si,Si,,,,,,,,Intracomunitario,,Via Belenzani,6
592,CASSA RURALE ALTA VALLAGARINA E LIZZANA - BANCA DI CREDITO C,02529020220,00158340224,"Via Tei, 6",38060,Besenello,TN,,,incassi.pagamenti@cr-avallagarina.net,,,,,,,,,,,,,,,,,,,,,,,,86,ITALIA,,301,,Si,Si,,,,,,,,Intracomunitario,,Via Tei,6
593,VALPOLICELLA BENACO BANCA CREDITO COOPERATIVO (VERONA) SOCIE,15240741007,01548170230,"Via Alcide de Gasperi, 11",37020,Marano di Valpolicella,VR,,,serviziaccentrati@vbbanca.it,,,,,,,,,,,,,,,,,,,,,,,,86,ITALIA,,301,,Si,Si,,,,,,,,Intracomunitario,,Via Alcide de Gasperi,11
594,BANCA VERONESE CREDITO COOPERATIVO DI CONCAMARISE SOCIETA' C,15240741007,00326490232,"Via Capitello, 36",37051,Bovolone,VR,,,portafoglio@bancaveronese.it,,,,,,,,,,,,,,,,,,,,,,,,86,ITALIA,,409,,Si,Si,,,,,,,,Intracomunitario,,Via Capitello,36
595,BANCA CENTROPADANA CREDITO COOPERATIVO - SOCIETA' COOPERATIV,15240741007,12514870158,"Corso Roma, 100",26900,Lodi,LO,,,adolfo.chiodaroli@centropadana.bcc.it,,,,,,,,,,,,,,,,,,,,,,,,86,ITALIA,,301,,Si,Si,,,,,,,,Intracomunitario,,Corso Roma,100
596,BANCO FIORENTINO - MUGELLO IMPRUNETA SIGNA - CREDITO COOPERA,15240741007,06657430481,"Via Villani, 13",50023,Impruneta,FI,,,area.amministrativa@bancofiorentino.it,,,,,,,,,,,,,,,,,,,,,,,,86,ITALIA,,301,,Si,Si,,,,,,,,Intracomunitario,,Via Villani,13
597,BANCA DI CREDITO COOPERATIVO DI ROMA SOCIETA' COOPERATIVA,15240741007,01275240586,"Via Sardegna, 129",00100,Roma,RM,,,laura.moretti@roma.bcc.it,,,,,,,,,,,,,,,,,,,,,,,,86,ITALIA,,301,,Si,Si,,,,,,,,Intracomunitario,,Via Sardegna,129
598,BANCA DI CREDITO COOPERATIVO BRIANZA E LAGHI - SOCIETA' COOP,15240741007,00318030137,"Piazza Dante, 21/22",22040,Alzate Brianza,CO,,,walter.ghislandi@brianzaelaghi.bcc.it,,,,,,,,,,,,,,,,,,,,,,,,86,ITALIA,,301,,Si,Si,,,,,,,,Intracomunitario,,Piazza Dante,21/22
599,BANCA DI CREDITO COOPERATIVO DI ALBEROBELLO E SAMMICHELE DI,02529020220,00380000729,"Viale Bari, 10",70011,Alberobello,BA,,,maria.pastore@bccalberobello.it,,,,,,,,,,,,,,,,,,,,,,,,86,ITALIA,,301,,Si,Si,,,,,,,,Intracomunitario,,Viale Bari,10
600,CASSA PADANA BANCA DI CREDITO COOPERATIVO SOCIETA' COOPERATI,02529020220,01741030983,"Via Giuseppe Garibaldi, 25",25024,Leno,BS,,,damiano.pincolini@cassapadana.it,,,,,,,,,,,,,,,,,,,,,,,,86,ITALIA,,301,,Si,Si,,,,,,,,Intracomunitario,,Via Giuseppe Garibaldi,25
601,BANCA DI CREDITO COOPERATIVO DI ALTOFONTE E CACCAMO - SOCIET,15240741007,00193930823,"Piazza Falcone e Borsellino, 26",90030,Altofonte,PA,,,contabilità@altofonte.bcc.it,,,,,,,,,,,,,,,,,,,,,,,,86,ITALIA,,301,,Si,Si,,,,,,,,Intracomunitario,,Piazza Falcone e Borsellino,26
602,BANCA DI CREDITO COOPERATIVO DI AQUARA SOCIETA' COOPERATIVA,02529020220,00639000652,"Via Garibaldi, 3",84047,Capaccio,SA,,,nicolino.pagano@bccaquara.it,,,,,,,,,,,,,,,,,,,,,,,,86,ITALIA,,301,,Si,Si,,,,,,,,Intracomunitario,,Via Garibaldi,3
603,BANCA DI CREDITO COOPERATIVO DI ANAGNI SOCIETA' COOPERATIVA,02529020220,00088800602,"Piazza G. Marconi, 17",03012,Anagni,FR,,,gtassa@anagni.bcc.it,,,,,,,,,,,,,,,,,,,,,,,,86,ITALIA,,301,,Si,Si,,,,,,,,Intracomunitario,,Piazza G. Marconi,17
604,BANCA DI ANGHIARI E STIA - CREDITO COOPERATIVO - SOCIETA' CO,15240741007,01622460515,"Via Mazzini, 17",52031,Anghiari,AR,,,a.fanciullini@bccas.it,,,,,,,,,,,,,,,,,,,,,,,,86,ITALIA,,301,,Si,Si,,,,,,,,Intracomunitario,,Via Mazzini,17
605,BANCA DI CREDITO COOPERATIVO DI AVETRANA - SOCIETA' COOPERAT,15240741007,00120540737,"Via Roma, 109",74020,Avetrana,TA,,,giuseppe.zanzarelli@bccavetrana.it,,,,,,,,,,,,,,,,,,,,,,,,86,ITALIA,,301,,Si,Si,,,,,,,,Intracomunitario,,Via Roma,109
606,BANCA DI CREDITO COOPERATIVO PORDENONESE E MONSILE - SOCIETA,15240741007,00091700930,"Via Trento, 1",33082,Azzano Decimo,PN,,,sistemipagamento@bccpm.it,,,,,,,,,,,,,,,,,,,,,,,,86,ITALIA,,409,,Si,Si,,,,,,,,Intracomunitario,,Via Trento,1
607,BANCA DI PESCIA E CASCINA - CREDITO COOPERATIVO - SOCIETA' C,15240741007,00158450478,"Via Alberghi, 26",51017,Pescia,PT,,,andrea.dipaolo@bpc.bcc.it,,,,,,,,,,,,,,,,,,,,,,,,86,ITALIA,,301,,Si,Si,,,,,,,,Intracomunitario,,Via Alberghi,26
608,BANCA DI CREDITO COOPERATIVO DI ARBOREA - SOCIETA' COOPERATI,15240741007,00359060951,"Via Porcella, 6",09092,Arborea,OR,,,cigagna.sandro@arborea.bcc.it,,,,,,,,,,,,,,,,,,,,,,,,86,ITALIA,,409,,Si,Si,,,,,,,,Intracomunitario,,Via Porcella,6
609,BANCA DI CREDITO COOPERATIVO DELL'ALTO TIRRENO DELLA CALABRI,02529020220,00945950780,"Via Roma, 153-155",87020,Verbicaro,CS,,,alessia.campilongo@bccverbicaro.it,,,,,,,,,,,,,,,,,,,,,,,,86,ITALIA,,301,,Si,Si,,,,,,,,Intracomunitario,,Via Roma,153-155
610,BANCA DI CREDITO COOPERATIVO DI BARLASSINA (MILANO) - SOCIET,02529020220,01434500151,"Via C. Colombo, 1/3",20825,Barlassina,MB,,,stefano.colombo@bccbarlassina.it,,,,,,,,,,,,,,,,,,,,,,,,86,ITALIA,,301,,Si,Si,,,,,,,,Intracomunitario,,Via C. Colombo,1/3
611,BCC CAMPANIA CENTRO - CASSA RURALE ED ARTIGIANA - SOCIETA' C,15240741007,00258900653,"Piazza A. De Curtis, 1-2",84091,Battipaglia,SA,,,organizzazione@campaniacentro.bcc.it,,,,,,,,,,,,,,,,,,,,,,,,86,ITALIA,,301,,Si,Si,,,,,,,,Intracomunitario,,Piazza A. De Curtis,1-2
612,BANCA DI CREDITO COOPERATIVO DI BELLEGRA SOCIETA' COOPERATIV,15240741007,01041710581,"Via Roma, 37/39",00030,Bellegra,RM,,,cecim@bellegra.bcc.it,,,,,,,,,,,,,,,,,,,,,,,,86,ITALIA,,409,,Si,Si,,,,,,,,Intracomunitario,,Via Roma,37/39
613,BENE BANCA CREDITO COOPERATIVO DI BENE VAGIENNA (CUNEO) - SO,02529020220,00167340041,"Piazza Botero, 7",12041,Bene Vagienna,CN,,,info@benebanca.bcc.it,,,,,,,,,,,,,,,,,,,,,,,,86,ITALIA,,301,,Si,Si,,,,,,,,Intracomunitario,,Piazza Botero,7
614,CASSA RURALE ED ARTIGIANA DI BINASCO - CREDITO COOPERATIVO S,15240741007,00772010153,"Via Turati, 2",20082,Binasco,MI,,,elena.tornaghi@bcc8386.it,,,,,,,,,,,,,,,,,,,,,,,,86,ITALIA,,301,,Si,Si,,,,,,,,Intracomunitario,,Via Turati,2
615,CASSA RURALE ED ARTIGIANA DI BORGO SAN GIACOMO (BRESCIA) - C,02529020220,00453000176,"Via Petrobelli, 11",25022,Borgo San Giacomo,BS,,,organizzazione@cradiborgo.it,,,,,,,,,,,,,,,,,,,,,,,,86,ITALIA,,301,,Si,Si,,,,,,,,Intracomunitario,,Via Petrobelli,11
616,CASSA RURALE ED ARTIGIANA DI BOVES - BANCA DI CREDITO COOPER,02529020220,00254540040,"Piazza Italia, 44",12012,Boves,CN,,,contabilita@bovescra.bcc.it,,,,,,,,,,,,,,,,,,,,,,,,86,ITALIA,,301,,Si,Si,,,,,,,,Intracomunitario,,Piazza Italia,44
617,BANCA delle TERRE VENETE CREDITO COOPERATIVO SOC. COOP.,15240741007,00275710242,Via Spada 2,31050,Vedelago,TV,,,fatture@bancaterrevenete.it,,,,,,,,,,,,,,,,,,,,,,,,86,ITALIA,,301,,Si,Si,,,,,,,,Intracomunitario,,Via Spada,2
618,BANCA DI CREDITO COOPERATIVO DI BUSTO GAROLFO E BUGUGGIATE -,15240741007,00688150150,"Via Manzoni, 50",20020,Busto Garolfo,MI,,,alberto.pastori@bustogarolfo.bcc.it,,,,,,,,,,,,,,,,,,,,,,,,86,ITALIA,,301,,Si,Si,,,,,,,,Intracomunitario,,Via Manzoni,50
619,BANCA DI CREDITO COOPERATIVO DI BUONABITACOLO SOCIETA' COOPE,15240741007,92000250651,"Via Roma, 4",84032,Buonabitacolo,SA,,,dgarone@buonabitacolo.bcc.it,,,,,,,,,,,,,,,,,,,,,,,,86,ITALIA,,301,,Si,Si,,,,,,,,Intracomunitario,,Via Roma,4
620,BANCA DI VERONA CREDITO COOPERATIVO CADIDAVID SOCIETA' COOPE,15240741007,00319990230,"Via Forte Tomba, 8",37100,Verona,VR,,,giusepp.bampa@bccverona.it,,,,,,,,,,,,,,,,,,,,,,,,86,ITALIA,,301,,Si,Si,,,,,,,,Intracomunitario,,Via Forte Tomba,8
621,BANCA CAMBIANO 1884 S.P.A,02599341209,02599341209,Viale Antonio Gramsci 34,50132,Firenze,FI,,,,,,,,,,,,,,,,,,,,,,,,,,,86,ITALIA,,409,,Si,Si,,,,,,,,Intracomunitario,,Viale Antonio Gramsci,34
622,CASSA RURALE ED ARTIGIANA DI CANTU' BANCA DI CREDITO COOPERA,15240741007,00196950133,"Corso Unità d'Italia, 11",22063,Cantu',CO,,,organizzazione@cantu.bcc.it,,,,,,,,,,,,,,,,,,,,,,,,86,ITALIA,,301,,Si,Si,,,,,,,,Intracomunitario,,Corso Unità d'Italia,11
623,BANCA DI CREDITO COOPERATIVO DI CAPACCIO PAESTUM E SERINO- S,15240741007,00258720655,"Via Magna Grecia, 345",84047,Capaccio,SA,,,organizzazione@bcccapaccio.it,,,,,,,,,,,,,,,,,,,,,,,,86,ITALIA,,301,,Si,Si,,,,,,,,Intracomunitario,,Via Magna Grecia,345
624,BANCA DI CREDITO COOPERATIVO ABRUZZESE - CAPPELLE SUL TAVO S,15240741007,00091530683,"Corso Umberto I, 78/80",65010,Cappelle sul Tavo,PE,,,organizzazione520@fedam.bcc.it,,,,,,,,,,,,,,,,,,,,,,,,86,ITALIA,,301,,Si,Si,,,,,,,,Intracomunitario,,Corso Umberto I,78/80
625,BANCA DI CREDITO COOPERATIVO DEL BASSO SEBINO - SOCIETA' COO,15240741007,00278750179,"Via Calepio, 8",25031,Capriolo,BS,,,organizzazione@bassosebino.bcc.it,,,,,,,,,,,,,,,,,,,,,,,,86,ITALIA,,301,,Si,Si,,,,,,,,Intracomunitario,,Via Calepio,8
626,"BANCA DI CARAGLIO, DEL CUNEESE E DELLA RIVIERA DEI FIORI - C",02529020220,00245130042,"Piazza della Cooperazione, 1",12023,Caraglio,CN,,,arnolfov@caraglio.bcc.it,,,,,,,,,,,,,,,,,,,,,,,,86,ITALIA,,301,,Si,Si,,,,,,,,Intracomunitario,,Piazza della Cooperazione,1
627,BANCA DI CREDITO COOPERATIVO DI CARATE BRIANZA - SOCIETA' CO,15240741007,01309550158,"Via Cusani, 6",20841,Carate Brianza,MB,,,ebank@caratebrianza.bcc.it,,,,,,,,,,,,,,,,,,,,,,,,86,ITALIA,,409,,Si,Si,,,,,,,,Intracomunitario,,Via Cusani,6
628,CREDITO COOPERATIVO DI CARAVAGGIO ADDA E CREMASCO - CASSA RU,15240741007,04159640160,Via Bernardo da Caravaggio SNC,24043,Caravaggio,BG,,,ORGANIZZAZIONE@CARAVAGGIO.BCC.IT,,,,,,,,,,,,,,,,,,,,,,,,86,ITALIA,,301,,Si,Si,,,,,,,,Intracomunitario,,Via Bernardo da Caravaggio,SNC
629,BANCA DI CREDITO COOPERATIVO DI TERRA D'OTRANTO - SOCIETA' C,15240741007,00198480758,Via Cesare Battisti angolo Via S.Giovanni,73100,Lecce,LE,,,incassiepagamenti@terradotranto.bcc.it,,,,,,,,,,,,,,,,,,,,,,,,86,ITALIA,,301,,Si,Si,,,,,,,,Intracomunitario,,Via Cesare Battisti angolo Via S.Giovanni,SNC
630,BANCA ALPI MARITTIME CREDITO COOPERATIVO CARRU' - SOCIETA' C,15240741007,00195530043,"Via Stazione, 10",12061,Carru',CN,,,tesorerieportafoglio@bancaalpimarittime.it,,,,,,,,,,,,,,,,,,,,,,,,86,ITALIA,,409,,Si,Si,,,,,,,,Intracomunitario,,Via Stazione,10
631,"BANCA DI CREDITO COOPERATIVO DI VENEZIA, PADOVA E ROVIGO - B",15240741007,00285800280,"Via Roma, 15",35025,Cartura,PD,,,rete@bancaannia.it,,,,,,,,,,,,,,,,,,,,,,,,86,ITALIA,,301,,Si,Si,,,,,,,,Intracomunitario,,Via Roma,15
632,BANCA DI CREDITO COOPERATIVO DI MILANO - SOCIETA' COOPERATIV,15240741007,01132850155,"Via De Gasperi, 11",20061,Carugate,MI,,,organizzazione_sistemi@bccmilano.it,,,,,,,,,,,,,,,,,,,,,,,,86,ITALIA,,301,,Si,Si,,,,,,,,Intracomunitario,,Via De Gasperi,11
633,CREDITO PADANO BANCA DI CREDITO COOPERATIVO - SOCIETA' COOPE,15240741007,01039280191,Via Dante 213,26100,Cremona,CR,,,incassi.pagamenti@creditopadano.it,,,,,,,,,,,,,,,,,,,,,,,,86,ITALIA,,301,,Si,Si,,,,,,,,Intracomunitario,,Via Dante,213
634,BANCA DEI SIBILLINI-CREDITO COOPERATIVO DI CASAVECCHIA-SOCIE,15240741007,00118970433,"Via Dante Alighieri, 2",62036,Pieve Torina,MC,,,laura.dominici@sibillini.bcc.it,,,,,,,,,,,,,,,,,,,,,,,,86,ITALIA,,409,,Si,Si,,,,,,,,Intracomunitario,,Via Dante Alighieri,2
635,CREDITO COOPERATIVO VALDARNO FIORENTINO BANCA DI CASCIA - SO,15240741007,00645190489,"Via J.F. Kennedy, 1",50066,Reggello,FI,,,amministrazione@bccvaldarnofiorentino.it,,,,,,,,,,,,,,,,,,,,,,,,86,ITALIA,,301,,Si,Si,,,,,,,,Intracomunitario,,Via J.F. Kennedy,1
636,BANCA DI CREDITO COOPERATIVO DI CASSANO DELLE MURGE E TOLVE,02529020220,00407800721,"Via Bitetto, 2",70020,Cassano delle Murge,BA,,,francesco.bisaccia@bcccassanomurge.it,,,,,,,,,,,,,,,,,,,,,,,,86,ITALIA,,301,,Si,Si,,,,,,,,Intracomunitario,,Via Bitetto,2
637,BANCA DI CREDITO COOPERATIVO DI CASTAGNETO CARDUCCI SOCIETA',02529020220,00149160491,"Via V. Emanuele, 44",57022,Castagneto Carducci,LI,,,stefano.belmonte@bcccastagneto.it,,,,,,,,,,,,,,,,,,,,,,,,86,ITALIA,,301,,Si,Si,,,,,,,,Intracomunitario,,Via V. Emanuele,44
638,BANCA DI CREDITO COOPERATIVO DELLA ROMAGNA OCCIDENTALE -S.C.,02529020220,00068200393,Piazza Fanti 17,48014,Castel Bolognese,RA,,,organizzazione@bccro.it,,,,,,,,,,,,,,,,,,,,,,,,86,ITALIA,,301,,Si,Si,,,,,,,,Intracomunitario,,Piazza Fanti,17
639,CASSA RURALE ED ARTIGIANA DI CASTELLANA GROTTE CREDITO COOPE,15240741007,00382410728,Via Roma,70013,Castellana Grotte,BA,,,nicola.iaia@castellana.bcc.it,,,,,,,,,,,,,,,,,,,,,,,,86,ITALIA,,301,,Si,Si,,,,,,,,Intracomunitario,,Via Roma,SNC
640,BCC FELSINEA - BANCA DI CREDITO COOPERATIVO DAL1902 - SOCIET,02529020220,00389400375,"Via Caduti di Sabbiuno, 3",40068,San Lazzaro di Savena,BO,,,organizzazione@felsinea.bcc.it,,,,,,,,,,,,,,,,,,,,,,,,86,ITALIA,,301,,Si,Si,,,,,,,,Intracomunitario,,Via Caduti di Sabbiuno,3
641,BANCA DI CREDITO COOPERATIVO DI CASTIGLIONE MESSER RAIMONDO,15240741007,00925980674,Viale Umberto I,64034,Castiglione Messer Raimondo,TE,,,521dalosif@fedam.bcc.it  ,,,,,,,,,,,,,,,,,,,,,,,,86,ITALIA,,301,,Si,Si,,,,,,,,Intracomunitario,,Viale Umberto I,SNC
642,BANCA DEL PICENO CREDITO COOPERATIVO - SOCIETA' COOPERATIVA,15240741007,00143690444,"Via Marziale, 36",63075,Castignano,AP,,,organizzazione@bancadelpiceno.bcc.it,,,,,,,,,,,,,,,,,,,,,,,,86,ITALIA,,301,,Si,Si,,,,,,,,Intracomunitario,,Via Marziale,36
643,CEREABANCA 1897 CREDITO COOPERATIVO SOCIETA' COOPERATIVA,15240741007,00326500238,"Via Paride da Cerea, 30",37053,Cerea,VR,,,contabilita@cereabanca1897.it,,,,,,,,,,,,,,,,,,,,,,,,86,ITALIA,,301,,Si,Si,,,,,,,,Intracomunitario,,Via Paride da Cerea,30
644,BANCA DI CREDITO COOPERATIVO DI CHERASCO - SOCIETA' COOPERAT,02529020220,00204710040,"Via Bra, 15",12062,Cherasco,CN,,,sistemidipagamento@cherasco.bcc.it,,,,,,,,,,,,,,,,,,,,,,,,86,ITALIA,,301,,Si,Si,,,,,,,,Intracomunitario,,Via Bra,15
645,Banca Terre Etrusche di Valdichiana e di Maremma Credito C,15240741007,01602230532,"Via Porsenna, 54",53043,Chiusi,SI,,,info@bancavaldichiana.bcc.it,posta.certificata@pecbancatema.it,,,,,,,,,,,,,,,,,,,,,,,86,ITALIA,,409,,Si,Si,,,,,,,,Intracomunitario,,Via Porsenna,54
646,BANCO MARCHIGIANO CREDITO COOPERATIVO,02529020220,00096960430,"Viale Matteotti, 8",62012,Civitanova Marche,MC,,,frattinisa@bancomarchigiano.it,,,,,,,,,,,,,,,,,,,,,,,,86,ITALIA,,301,,Si,Si,,,,,,,,Intracomunitario,,Viale Matteotti,8
647,BANCA DI CREDITO COOPERATIVO DI CITTANOVA - SOCIETA' COOPERA,15240741007,00087180808,"Via T. Campanella, 1",89022,Cittanova,RC,,,organizzazione@cittanova.bcc.it,,,,,,,,,,,,,,,,,,,,,,,,86,ITALIA,,301,,Si,Si,,,,,,,,Intracomunitario,,Via T. Campanella,1
648,BANCA DI CREDITO COOPERATIVO DI CONVERSANO - SOCIETA' COOPER,02529020220,00334280724,"Via Giuseppe Mazzini, 52",70014,Conversano,BA,,,ced@bccconversanoweb.it,,,,,,,,,,,,,,,,,,,,,,,,86,ITALIA,,301,,Si,Si,,,,,,,,Intracomunitario,,Via Giuseppe Mazzini,52
649,BANCA CENTRO EMILIA - CREDITO COOPERATIVO' SOCIETA' COOPERAT,02529020220,01402600389,"Via Statale, 39",44042,Cento,FE,,,servizioaccentrati@bancacentroemilia.it,,,,,,,,,,,,,,,,,,,,,,,,86,ITALIA,,301,,Si,Si,,,,,,,,Intracomunitario,,Via Statale,39
650,CORTINABANCA - CREDITO COOPERATIVO - SOCIETA COOPERATIVA,02529020220,00078700259,"Corso Italia, 80",32043,Cortina d'Ampezzo,BL,,,amministrazione@cortinabanca.it,,,,,,,,,,,,,,,,,,,,,,,,86,ITALIA,,301,,Si,Si,,,,,,,,Intracomunitario,,Corso Italia,80
651,BANCA DI CREDITO COOPERATIVO DELL'OGLIO E DEL SERIO - SOCIET,15240741007,02249360161,"Via Papa Giovanni XXIII, 80",24054,Covo,BG,,,c.brambilla@oglioeserio.bcc.it,,,,,,,,,,,,,,,,,,,,,,,,86,ITALIA,,301,,Si,Si,,,,,,,,Intracomunitario,,Via Papa Giovanni XXIII,80
652,BANCA DELLA VALSASSINA CREDITO COOPERATIVO - SOCIETA' COOPER,15240741007,00337470132,"Via XXV Aprile, 16/18",23814,Cremeno,LC,,,vicedirezione@valsassina.bcc.it,,,,,,,,,,,,,,,,,,,,,,,,86,ITALIA,,301,,Si,Si,,,,,,,,Intracomunitario,,Via XXV Aprile,16/18
653,BANCA DI CREDITO COOPERATIVO DI FANO - SOCIETA' COOPERATIVA,15240741007,00131220410,"Via Flaminia, 346/348",61031,Fano,PU,,,luigino.vagnini@fano.bcc.it,,,,,,,,,,,,,,,,,,,,,,,,86,ITALIA,,409,,Si,Si,,,,,,,,Intracomunitario,,Via Flaminia,346/348
654,"BCC DI ALBA, LANGHE, ROERO E DEL CANAVESE S.C.",15240741007,00236570040,"Via Cavour, 4",12051,Alba,CN,,,sistemidipagamento@bancadalba.bcc.it,,,,,,,,,,,,,,,,,,,,,,,,86,ITALIA,,301,,Si,Si,,,,,,,,Intracomunitario,,Via Cavour,4
655,CREDITO COOPERATIVO CASSA RURALE ED ARTIGIANA DI ERCHIE - SO,15240741007,00082900747,"Via Roma, 89",72020,Erchie,BR,,,organizzazione@bccerchie.it,,,,,,,,,,,,,,,,,,,,,,,,86,ITALIA,,301,,Si,Si,,,,,,,,Intracomunitario,,Via Roma,89
656,"CREDITO COOPERATIVO RAVENNATE, FORLIVESE E IMOLESE SOCIETA'",15240741007,01445030396,"Piazza della Libertà, 14",48018,Faenza,RA,,,Monetica@labcc.it,,,,,,,,,,,,,,,,,,,,,,,,86,ITALIA,,301,,Si,Si,,,,,,,,Intracomunitario,,Piazza della Libertà,14
657,BANCA DI FILOTTRANO - CREDITO COOPERATIVO DI FILOTTRANO E CA,15240741007,00135400422,"Piazza Garibaldi, 26",60024,Filottrano,AN,,,luciano.coppari@filottrano.bcc.it,,,,,,,,,,,,,,,,,,,,,,,,86,ITALIA,,301,,Si,Si,,,,,,,,Intracomunitario,,Piazza Garibaldi,26
658,BANCA DI CREDITO COOPERATIVO DI FLUMERI - SOCIETA' COOPERATI,02529020220,00686880642,Via Olivieri,83040,Flumeri,AV,,,bcc@bccflumeri.it,,,,,,,,,,,,,,,,,,,,,,,,86,ITALIA,,301,,Si,Si,,,,,,,,Intracomunitario,,Via Olivieri,SNC
659,BANCA DI CREDITO COOPERATIVO DI GAUDIANO DI LAVELLO - SOCIET,15240741007,93000870761,"Via Roma, 81/83",85024,Lavello,PZ,,,g.coviello@lavello.bcc.it,,,,,,,,,,,,,,,,,,,,,,,,86,ITALIA,,301,,Si,Si,,,,,,,,Intracomunitario,,Via Roma,81/83
660,BANCA DI PISA E FORNACETTE CREDITO COOPERATIVO - SOCIETA' CO,15240741007,00179660501,"Lungarno Pacinotti, 8",56126,Calcinaia,PI,,,08562.ufficioorganizzazione@bancadipisa.it,,,,,,,,,,,,,,,,,,,,,,,,86,ITALIA,,301,,Si,Si,,,,,,,,Intracomunitario,,Lungarno Pacinotti,8
661,BANCA DI CREDITO COOPERATIVO DI GAMBATESA - SOCIETA' COOPERA,15240741007,00068860709,"Via Nazionale Appula, 29",86013,Gambatesa,CB,,,segreteria@bccgambatesa.it,,,,,,,,,,,,,,,,,,,,,,,,86,ITALIA,,301,,Si,Si,,,,,,,,Intracomunitario,,Via Nazionale Appula,29
662,BANCA DI CREDITO COOPERATIVO AGROBRESCIANO - SOCIETA' COOPER,15240741007,00284980174,"Piazza Roma, 17",25016,Ghedi,BS,,,manuinil@agrobresciano.bcc.it,,,,,,,,,,,,,,,,,,,,,,,,86,ITALIA,,409,,Si,Si,,,,,,,,Intracomunitario,,Piazza Roma,17
663,BANCA DI CREDITO COOPERATIVO VALDOSTANA - COOPERATIVE DE CRE,02529020220,00365360072,"Via Taxel, 26",11020,Aosta,AO,,,organizzazione@valdostana.bcc.it,,,,,,,,,,,,,,,,,,,,,,,,86,ITALIA,,301,,Si,Si,,,,,,,,Intracomunitario,,Via Taxel,26
664,CENTROVENETO BASSANO BANCA - CREDITO COOPERATIVO - SOCIETA',02529020220,01405390244,"Via Ponte di Costozza, 12",36023,Longare,VI,,,organizzazione@centroveneto.it,,,,,,,,,,,,,,,,,,,,,,,,86,ITALIA,,301,,Si,Si,,,,,,,,Intracomunitario,,Via Ponte di Costozza,12
665,LA BCC DEL CROTONESE - CREDITO COOPERATIVO SOCIETA' COOPERAT,03382760795,03382760795,Via Unione Europea SNC,88900,Crotone,KR,,,segreteria@crotonese.bcc.it,,,,,,,,,,,,,,,,,,,,,,,,86,ITALIA,,301,,Si,Si,,,,,,,,Intracomunitario,,Via Unione Europea,SNC
666,BCC BASILICATA - CREDITO COOPERATIVO DI LAURENZANA E COMUNI,15240741007,00114980766,"Via S.S. 92, 50",85014,Potenza,PZ,,,fcirigliano@bccbasilicata.it,,,,,,,,,,,,,,,,,,,,,,,,86,ITALIA,,301,,Si,Si,,,,,,,,Intracomunitario,,Via S.S.,50
667,BANCA DI CREDITO COOPERATIVO VALLE DEL TORTO - SOCIETA' COOP,15240741007,00101580827,"Piazza Duomo, 4",90025,Lercara Friddi,PA,,,info-sede@valledeltorto.bcc.it,,,,,,,,,,,,,,,,,,,,,,,,86,ITALIA,,301,,Si,Si,,,,,,,,Intracomunitario,,Piazza Duomo,4
668,BANCA DI CREDITO COOPERATIVO DI LEVERANO - SOCIETA' COOPERAT,15240741007,00143270759,"Piazza Roma, 1",73045,Leverano,LE,,,serino.emanuele@leverano.bcc.it,,,,,,,,,,,,,,,,,,,,,,,,86,ITALIA,,301,,Si,Si,,,,,,,,Intracomunitario,,Piazza Roma,1
669,BANCA DI CREDITO COOPERATIVO DI CANOSA - LOCONIA - SOCIETA',15240741007,00387040728,"Piazza della Repubblica, 28",70053,Canosa di Puglia,BT,,,organizzazione@canosa.bcc.it,,,,,,,,,,,,,,,,,,,,,,,,86,ITALIA,,409,,Si,Si,,,,,,,,Intracomunitario,,Piazza della Repubblica,28
670,BANCA DI CREDITO COOPERATIVO DI LEZZENO (COMO) - SOCIETA' CO,15240741007,00287860134,Via Chiesa,22025,Lezzeno,CO,,,bcclezzeno@lezzeno.bcc.it,,,,,,,,,,,,,,,,,,,,,,,,86,ITALIA,,409,,Si,Si,,,,,,,,Intracomunitario,,Via Chiesa,SNC
671,CREDITO COOPERATIVO - CASSA RURALE ED ARTIGIANA DEL FRIULI V,02529020220,00074360314,"Via Visini, 2",34070,Gorizia,GO,,,servizi@cassaruralefvg.it,,,,,,,,,,,,,,,,,,,,,,,,86,ITALIA,,301,,Si,Si,,,,,,,,Intracomunitario,,Via Visini,2
672,BANCATER CREDITO COOPERATIVO FVG  - SOCIETA' COOPERATIVA,02529020220,00251640306,"Via Verzegnis, 1",33100,Udine,UD,,,incassi@bancater.it,,,,,,,,,,,,,,,,,,,,,,,,86,ITALIA,,301,,Si,Si,,,,,,,,Intracomunitario,,Via Verzegnis,1
673,PRIMACASSA - CREDITO COOPERATIVO FVG - SOCIETA' COOPERATIVA,02529020220,00249930306,"Via Cividina, 9",33035,Martignacco,UD,,,organizzazione@primacassafvg.it,,,,,,,,,,,,,,,,,,,,,,,,86,ITALIA,,301,,Si,Si,,,,,,,,Intracomunitario,,Via Cividina,9
674,"BANCA ALTO VICENTINO - CREDITO COOPERATIVO DI SCHIO, PEDEMON",02529020220,00210200242,"Via Pista dei Veneti, 14",36015,Schio,VI,,,edp@bancaaltovicentino.it,,,,,,,,,,,,,,,,,,,,,,,,86,ITALIA,,301,,Si,Si,,,,,,,,Intracomunitario,,Via Pista dei Veneti,14
675,CHIANTIBANCA - CREDITO COOPERATIVO S.C.,15240741007,01292880521,"Via Cassia Nord, 2/4/6",53035,San Casciano in Val di Pesa,FI,,,marcocecchetti@chiantibanca.it,,,,,,,,,,,,,,,,,,,,,,,,86,ITALIA,,301,,Si,Si,,,,,,,,Intracomunitario,,Via Cassia Nord,2/4/2006
676,B.C.C. DEL GARDA - BANCA DI CREDITO COOPERATIVO COLLI MORENI,15240741007,00285660171,"Via Trieste, 62",25018,Montichiari,BS,,,manuele.martani@garda.bcc.it,,,,,,,,,,,,,,,,,,,,,,,,86,ITALIA,,301,,Si,Si,,,,,,,,Intracomunitario,,Via Trieste,62
677,BANCA DI CREDITO COOPERATIVO DI MOZZANICA - SOCIETA' COOPERA,15240741007,00264910167,"Via Umberto I, 10",24050,Mozzanica,BG,,,Organizzazione@mozzanica.bcc.it,,,,,,,,,,,,,,,,,,,,,,,,86,ITALIA,,409,,Si,Si,,,,,,,,Intracomunitario,,Via Umberto I,10
678,BANCA DI CREDITO COOPERATIVO DI MARINA DI GINOSA - SOCIETA',15240741007,00133340737,Viale Jonio,74025,Ginosa,TA,,,g.lomastro@bccmarinadiginosa.it,,,,,,,,,,,,,,,,,,,,,,,,86,ITALIA,,301,,Si,Si,,,,,,,,Intracomunitario,,Viale Jonio,SNC
679,BANCA DI CREDITO COOPERATIVO DI BRESCIA - SOCIETA' COOPERATI,02529020220,00385040175,"Via Reverberi, 1",25100,Nave,BS,,,u_banking@bccbrescia.it,,,,,,,,,,,,,,,,,,,,,,,,86,ITALIA,,301,,Si,Si,,,,,,,,Intracomunitario,,Via Reverberi,1
680,BANCA DI CREDITO COOPERATIVO DI NETTUNO SOCIETA' COOPERATIVA,15240741007,00386990584,"Via G. Matteotti, 5",00048,Nettuno,RM,,,vincenzo.colozzi@nettuno.bcc.it,,,,,,,,,,,,,,,,,,,,,,,,86,ITALIA,,409,,Si,Si,,,,,,,,Intracomunitario,,Via G. Matteotti,5
681,BANCA DI CREDITO COOPERATIVO DEL METAURO - SOCIETA' COOPERAT,15240741007,81004820411,"Via Giacomo Matteotti, 4",61038,Terre Roveresche,PU,,,servizio.organizzazione@metauro.bcc.it,,,,,,,,,,,,,,,,,,,,,,,,86,ITALIA,,409,,Si,Si,,,,,,,,Intracomunitario,,Via Giacomo Matteotti,4
682,BANCA DI CREDITO COOPERATIVO DI OSTRA E MORRO D'ALBA - SOCIE,15240741007,01440090429,"Via Mazzini, 93",60010,Ostra,AN,,,contact@relaxbanking.it,,,,,,,,,,,,,,,,,,,,,,,,86,ITALIA,,301,,Si,Si,,,,,,,,Intracomunitario,,Via Mazzini,93
683,BANCA DI CREDITO COOPERATIVO DI OSTRA VETERE SOCIETA' COOPER,15240741007,00172010423,"Via Marconi, 29",60010,Ostra Vetere,AN,,,amministrativo@ostravetere.bcc.it,,,,,,,,,,,,,,,,,,,,,,,,86,ITALIA,,409,,Si,Si,,,,,,,,Intracomunitario,,Via Marconi,29
684,BANCA DI CREDITO COOPERATIVO DI OSTUNI - SOCIETA' COOPERATIV,15240741007,00059520742,"Largo Monsignor Italo Pignatelli, 2",72017,Ostuni,BR,,,domenico.demola@ostuni.bcc.it,,,,,,,,,,,,,,,,,,,,,,,,86,ITALIA,,301,,Si,Si,,,,,,,,Intracomunitario,,Largo Monsignor Italo Pignatelli,2
685,BANCA DI CREDITO COOPERATIVO APPULO LUCANA SOC. COOP.,15240741007,00256810722,Corso Umberto I 65,76014,Spinazzola,BT,,,segreteria@bccspinazzola.bcc.it,,,,,,,,,,,,,,,,,,,,,,,,86,ITALIA,,409,,Si,Si,,,,,,,,Intracomunitario,,Corso Umberto I,65
686,BANCA DI CREDITO COOPERATIVO DI PACHINO - SOCIETA' COOPERATI,15240741007,00078210895,"Via Unita', 5",96018,Pachino,SR,,,contabile@pachino.bcc.it,,,,,,,,,,,,,,,,,,,,,,,,86,ITALIA,,409,,Si,Si,,,,,,,,Intracomunitario,,Via Unità,5
687,BANCA DI UDINE CREDITO COOPERATIVO - SOCIETA' COOPERATIVA,15240741007,00252520309,"Viale Tricesimo, 85",33100,Udine,UD,,,CONTA@BANCADIUDINE.IT,,,,,,,,,,,,,,,,,,,,,,,,86,ITALIA,,301,,Si,Si,,,,,,,,Intracomunitario,,Viale Tricesimo,85
688,BANCA CENTRO LAZIO CREDITO COOPERATIVO - SOCIETA' COOPERATIV,02529020220,00697880581,"Viale della Vittoria, 21",00036,Palestrina,RM,,,incassiepagamenti@bancacentrolazio.net,,,,,,,,,,,,,,,,,,,,,,,,86,ITALIA,,301,,Si,Si,,,,,,,,Intracomunitario,,Viale della Vittoria,21
689,CREDITO COOPERATIVO CASSA RURALE ED ARTIGIANA DI PALIANO SOC,15240741007,00134660604,"Viale Umberto I, 53",03018,Paliano,FR,,,contabilita@paliano.bcc.it,,,,,,,,,,,,,,,,,,,,,,,,86,ITALIA,,301,,Si,Si,,,,,,,,Intracomunitario,,Viale Umberto I,53
690,BANCA VERSILIA LUNIGIANA E GARFAGNANA - CREDITO COOPERATIVO,15240741007,00174600460,"Via Mazzini, 80",55045,Pietrasanta,LU,,,organizzazione@bvlg.bcc.it,,,,,,,,,,,,,,,,,,,,,,,,86,ITALIA,,409,,Si,Si,,,,,,,,Intracomunitario,,Via Mazzini,80
691,BANCA PATAVINA CREDITO COOPERATVO DI SANT'ELENA E PIOVE DI S,15240741007,00311340285,"Via Roma, 10",35040,Piove di Sacco,PD,,,incassi@bccpatavina.it,,,,,,,,,,,,,,,,,,,,,,,,86,ITALIA,,301,,Si,Si,,,,,,,,Intracomunitario,,Via Roma,10
692,BANCA DI CREDITO COOPERATIVO DI PERGOLA E CORINALDO SOCIETA',15240741007,00141120410,"V.Le Martiri della Libertà, 46/B",61045,Pergola,PU,,,organizzazione@pergola.bcc.it,,,,,,,,,,,,,,,,,,,,,,,,86,ITALIA,,301,,Si,Si,,,,,,,,Intracomunitario,,V.Le Martiri della Libertà,46/B
693,BANCA DI CREDITO COOPERATIVO VICENTINO - POJANA MAGGIORE (VI,15240741007,00152400248,"Via Matteotti, 47",36026,Pojana Maggiore,VI,,,organizzazione@bccvicentino.it,,,,,,,,,,,,,,,,,,,,,,,,86,ITALIA,,301,,Si,Si,,,,,,,,Intracomunitario,,Via Matteotti,47
694,BANCA DEL TERRITORIO LOMBARDO CREDITO COOPERATIVO - SOCIETA',02529020220,00436650170,"Via Sostegno, 58",25124,Brescia,BS,,,bortolo.copeta@btlbanca.it,,,,,,,,,,,,,,,,,,,,,,,,86,ITALIA,,301,,Si,Si,,,,,,,,Intracomunitario,,Via Sostegno,58
695,BANCA DI CREDITO COOPERATIVO DI PONTASSIEVE - SOCIETA' COOPE,15240741007,00409340486,"Via Vittorio Veneto, 9",50065,Pontassieve,FI,,,servizio.organizzazione@pontassieve.bcc.it,,,,,,,,,,,,,,,,,,,,,,,,86,ITALIA,,301,,Si,Si,,,,,,,,Intracomunitario,,Via Vittorio Veneto,9
696,CASSA RURALE ED ARTIGIANA DELL'AGRO PONTINO - BANCA DI CREDI,15240741007,00076300599,"Via Filippo Corridoni, 35/37",04014,Pontinia,LT,,,rinaldo.derenzi@pontinia.bcc.it,,,,,,,,,,,,,,,,,,,,,,,,86,ITALIA,,409,,Si,Si,,,,,,,,Intracomunitario,,Via Filippo Corridoni,35/37
697,BANCA DI CREDITO COOPERATIVO DEL VELINO - COMUNE DI POSTA PR,02529020220,00036100576,"Via Bacugno, 12/A",02010,Rieti,RI,,,amministrazione@bccvelino.it,,,,,,,,,,,,,,,,,,,,,,,,86,ITALIA,,301,,Si,Si,,,,,,,,Intracomunitario,,Via Bacugno,12/A
698,BANCA DI CREDITO COOPERATIVO DI PRATOLA PELIGNA (L'AQUILA) -,15240741007,00092420660,"Via A. Gramsci, 138",67035,Pratola Peligna,AQ,,,organizzazione@pratola.bcc.it,,,,,,,,,,,,,,,,,,,,,,,,86,ITALIA,,301,,Si,Si,,,,,,,,Intracomunitario,,Via A. Gramsci,138
699,CENTROMARCA BANCA - CREDITO COOPERATIVO DI TREVISO E VENEZIA,15240741007,00176640266,"Via Riccardo Selvatico, 2",31100,Treviso,TV,,,fatture@centromarcabanca.it,,,,,,,,,,,,,,,,,,,,,,,,86,ITALIA,,301,,Si,Si,,,,,,,,Intracomunitario,,Via Riccardo Selvatico,2
700,BANCA DI CREDITO COOPERATIVO DI PIANFEI E ROCCA DE' BALDI -,02529020220,00167840040,"Via Villanova, 23",12080,Pianfei,CN,,,origliag@pianfeieroccadebaldi.bcc.it,,,,,,,,,,,,,,,,,,,,,,,,86,ITALIA,,301,,Si,Si,,,,,,,,Intracomunitario,,Via Villanova,23
701,BANCA DI CREDITO COOPERATIVO DI RECANATI E COLMURANO - SOCIE,15240741007,01176450433,"Piazza Leopardi, 21-22",62019,Recanati,MC,,,raffaella.grufi@recanati.bcc.it,,,,,,,,,,,,,,,,,,,,,,,,86,ITALIA,,301,,Si,Si,,,,,,,,Intracomunitario,,Piazza Leopardi,21-22
702,BANCA DI RIPATRANSONE E DEL FERMANO - CREDITO COOPERATIVO -,15240741007,00096910443,"Corso Vittorio Emanuele, 45",63065,Ripatransone,AP,,,amministrativo@ripa.bcc.it,,,,,,,,,,,,,,,,,,,,,,,,86,ITALIA,,301,,Si,Si,,,,,,,,Intracomunitario,,Corso Vittorio Emanuele,45
703,CASSA RURALE ED ARTIGIANA DI RIVAROLO MANTOVANO (MANTOVA) CR,15240741007,00191230200,"Via Mazzini, 33",46017,Rivarolo Mantovano,MN,,,segreteria@rivarolo.bcc.it,,,,,,,,,,,,,,,,,,,,,,,,86,ITALIA,,301,,Si,Si,,,,,,,,Intracomunitario,,Via Mazzini,33
704,"BANCA MONTE PRUNO - CREDITO COOPERATIVO DI FISCIANO, ROSCIGN",02529020220,00269570651,Via IV Novembre,84020,Sant'Arsenio,SA,,,elisabetta.giordano@bccmontepruno.it,,,,,,,,,,,,,,,,,,,,,,,,86,ITALIA,,301,,Si,Si,,,,,,,,Intracomunitario,,Via IV Novembre,SNC
705,BANCA DI CREDITO COOPERATIVO DELLA PROVINCIA ROMANA SOCIETA',15240741007,01025110584,"Via Dante Alighieri, 25",00060,Riano,RM,,,gabriele.salvi@provinciaromana.bcc.it,,,,,,,,,,,,,,,,,,,,,,,,86,ITALIA,,409,,Si,Si,,,,,,,,Intracomunitario,,Via Dante Alighieri,25
706,BANCA DI CREDITO COOPERATIVO LAUDENSE - LODI SOCIETA' COOPER,02529020220,09900240152,"Via Garibaldi, 5",26900,Lodi,LO,,,incassi.pagamenti@bcclaudense.it,,,,,,,,,,,,,,,,,,,,,,,,86,ITALIA,,301,,Si,Si,,,,,,,,Intracomunitario,,Via Garibaldi,5
707,"BANCA DI CREDITO COOPERATIVO DI SAN BIAGIO PLATANI, SOCIETA'",15240741007,00098180847,"Piazza Massimo D'Azeglio, 1 - 1/A",92020,San Biagio Platani,AG,,,stella.iacono@sanbiagioplatani.bcc.it,,,,,,,,,,,,,,,,,,,,,,,,86,ITALIA,,301,,Si,Si,,,,,,,,Intracomunitario,,Piazza Massimo D'Azeglio,1
708,FRIULOVEST BANCA - CREDITO COOPERATIVO - SOCIETA' COOPERATIV,02529020220,00067610931,"Via Richinvelda, 4",33095,San Giorgio della Richinvelda,PN,,,ip@friulovestbanca.it,,,,,,,,,,,,,,,,,,,,,,,,86,ITALIA,,301,,Si,Si,,,,,,,,Intracomunitario,,Via Richinvelda,4
709,BANCA SAN GIORGIO QUINTO VALLE AGNO - CREDITO COOPERATIVO -,15240741007,00232120246,"Via Perlena, 78",36040,Fara Vicentino,VI,,,interbancario@bancasangiorgio.it,,,,,,,,,,,,,,,,,,,,,,,,86,ITALIA,,301,,Si,Si,,,,,,,,Intracomunitario,,Via Perlena,78
710,BANCA DI CREDITO COOPERATIVO DI SAN GIOVANNI ROTONDO - SOCIE,02529020220,00149260713,"Viale Aldo Moro, 9",71013,San Giovanni Rotondo,FG,,,contabilita@bccsangiovannirotondo.it,,,,,,,,,,,,,,,,,,,,,,,,86,ITALIA,,301,,Si,Si,,,,,,,,Intracomunitario,,Viale Aldo Moro,9
711,BANCA DEL VALDARNO - CREDITO COOPERATIVO - SOCIETA' COOPERAT,15240741007,00135410512,"Piazza della Libertà, 26",52027,San Giovanni Valdarno,AR,,,maxbraconi@bancavaldarno.bcc.it,,,,,,,,,,,,,,,,,,,,,,,,86,ITALIA,,301,,Si,Si,,,,,,,,Intracomunitario,,Piazza della Libertà,26
712,BANCA DI CREDITO COOPERATIVO DI SAN MARZANO DI SAN GIUSEPPE,02529020220,00130830730,Via Vittorio Emanuele,74020,San Marzano di San Giuseppe,TA,,,emanuela.capoccello@bccsanmarzano.it,,,,,,,,,,,,,,,,,,,,,,,,86,ITALIA,,301,,Si,Si,,,,,,,,Intracomunitario,,Via Vittorio Emanuele,SNC
713,BANCA DI PESARO CREDITO COOPERATIVO - SOCIETA' COOPERATIVA,15240741007,00128830411,Via Fratelli Cervi,61100,Pesaro,PU,,,sist.pagamento@pesaro.bcc.it,,,,,,,,,,,,,,,,,,,,,,,,86,ITALIA,,301,,Si,Si,,,,,,,,Intracomunitario,,Via Fratelli Cervi,SNC
714,BANCA DI CREDITO COOPERATIVO DI CASALGRASSO E SANT'ALBANO ST,02529020220,00167420041,"Via Vallauri, 24",12040,Casalgrasso,CN,,,servizi@banca8833.bcc.it,,,,,,,,,,,,,,,,,,,,,,,,86,ITALIA,,301,,Si,Si,,,,,,,,Intracomunitario,,Via Vallauri,24
715,BANCA DI CREDITO COOPERATIVO DI SANTERAMO IN COLLE - SOCIETA,15240741007,00256750720,"Via Tirolo, 2",70029,Santeramo in Colle,BA,,,ufforganizzazione@bccsanteramo.it,,,,,,,,,,,,,,,,,,,,,,,,86,ITALIA,,301,,Si,Si,,,,,,,,Intracomunitario,,Via Tirolo,2
716,BANCA DI CREDITO COOPERATIVO DI SARSINA - SOCIETA' COOPERATI,02529020220,00127840403,"Via Roma, 18",47027,Sarsina,FC,,,bccsarsina@sarsina.bcc.it,,,,,,,,,,,,,,,,,,,,,,,,86,ITALIA,,301,,Si,Si,,,,,,,,Intracomunitario,,Via Roma,18
717,TERRE ETRUSCHE E DI MAREMMA C.C. - SOCIETA' COOPERATIVA,15240741007,01602230532,Via Maremmana N. 35,58015,Orbetello,GR,,,tecnologie@bancatema.bcc.it,,,,,,,,,,,,,,,,,,,,,,,,86,ITALIA,,409,,Si,Si,,,,,,,,Intracomunitario,,Via Maremmana N.,35
718,ROMAGNABANCA CREDITO COOPERATIVO ROMAGNA EST E SALA DI CESEN,02529020220,04302260403,Corso Perticari 25/27,47039,Bellaria Igea Marina,RN,,,valter.capriotti@romagnabanca.it,,,,,,,,,,,,,,,,,,,,,,,,86,ITALIA,,301,,Si,Si,,,,,,,,Intracomunitario,,Corso Perticari,25/27
719,BANCA DI CREDITO COOPERATIVO DI SCAFATI E CETARA SOCIETA' CO,15240741007,00252880653,"Via Pietro Melchiade, 47-49-51",84018,Scafati,SA,,,gschiavo@scafati.bcc.it,,,,,,,,,,,,,,,,,,,,,,,,86,ITALIA,,301,,Si,Si,,,,,,,,Intracomunitario,,Via Pietro Melchiade,47-49-51
720,BANCA DI CREDITO COOPERATIVO DI MILANO - CREDITO COOPERATIVO,15240741007,01132850155,Via De Gasperi 11,20061,Carugate,MI,,,organizzazione@bgv.bcc.it,,,,,,,,,,,,,,,,,,,,,,,,86,ITALIA,,301,,Si,Si,,,,,,,,Intracomunitario,,Via De Gasperi,11
721,BANCA DI CREDITO COOPERATIVO DI SPELLO E BETTONA - SOCIETA',02529020220,00228700548,"Piazzale della Pace, 1",06038,Spello,PG,,,cmarini@spello.bcc.it,,,,,,,,,,,,,,,,,,,,,,,,86,ITALIA,,301,,Si,Si,,,,,,,,Intracomunitario,,Piazzale della Pace,1
722,BANCA DI CREDITO COOPERATIVO DI SPINAZZOLA - SOCIETA' COOPER,15240741007,00256810722,"Corso Umberto I, 52/B",70058,Spinazzola,BT,,,dinoiap@bccspinazzola.bcc.it,,,,,,,,,,,,,,,,,,,,,,,,86,ITALIA,,301,,Si,Si,,,,,,,,Intracomunitario,,Corso Umberto I,52/B
723,BANCA DI CREDITO COOPERATIVO DI STARANZANO E VILLESSE - SOCI,15240741007,00064500317,"Piazza della Repubblica, 9",34079,Staranzano,GO,,,mauro.bonutti@bancastaranzano.it,,,,,,,,,,,,,,,,,,,,,,,,86,ITALIA,,301,,Si,Si,,,,,,,,Intracomunitario,,Piazza della Repubblica,9
724,BANCA DI BOLOGNA CREDITO COOPERATIVO SOCIETA' COOPERATIVA,02529020220,00415760370,"Piazza Galvani, 4",40124,Bologna,BO,,,fatturefornitori@bancadibologna.it,,,,,,,,,,,,,,,,,,,,,,,,86,ITALIA,,301,,Si,Si,,,,,,,,Intracomunitario,,Piazza Galvani,4
725,CREDITO COOPERATIVO DI SAN CALOGERO E MAIERATO - BCC DEL VIB,15240741007,03401240795,Via Dante Alighieri,89900,Vibo Valentia,VV,,,organizzazione@vibonese.bcc.it,,,,,,,,,,,,,,,,,,,,,,,,86,ITALIA,,409,,Si,Si,,,,,,,,Intracomunitario,,Via Dante Alighieri,SNC
726,CASSA RURALE - BANCA DI CREDITO COOPERATIVO DI TREVIGLIO - S,15240741007,00255130163,"Via Carlo Carcano, 6",24047,Treviglio,BG,,,incassiepagamenti@treviglio.bcc.it,,,,,,,,,,,,,,,,,,,,,,,,86,ITALIA,,301,,Si,Si,,,,,,,,Intracomunitario,,Via Carlo Carcano,6
727,BANCA DI CREDITO COOPERATIVO DI TRIUGGIO E DELLA VALLE DEL L,15240741007,00698390150,"Via Serafino Biffi, 8",20844,Triuggio,MB,,,organizzazione@triuggio.bcc.it,,,,,,,,,,,,,,,,,,,,,,,,86,ITALIA,,301,,Si,Si,,,,,,,,Intracomunitario,,Via Serafino Biffi,8
728,BANCA DI CREDITO COOPERATIVO DI TURRIACO - SOCIETA' COOPERAT,02529020220,00065880312,"Via Roma, 1",34070,Turriaco,GO,,,incassi.pagamenti@bccturriaco.it,,,,,,,,,,,,,,,,,,,,,,,,86,ITALIA,,301,,Si,Si,,,,,,,,Intracomunitario,,Via Roma,1
729,BANCA PREALPI SANBIAGIO CREDITO COOPERATIVO - SOCIETA' COOPE,02529020220,00254520265,"Via La Corona, 45",31020,Tarzo,TV,,,incassipagamenti@bancaprealpisanbiagio.it,,,,,,,,,,,,,,,,,,,,,,,,86,ITALIA,,301,,Si,Si,,,,,,,,Intracomunitario,,Via La Corona,45
730,CASSA RURALE ED ARTIGIANA DI VESTENANOVA - CREDITO COOPERATI,02529020220,01538480235,"Piazza Pieropan, 6",37030,Vestenanova,VR,,,servizi@cravestenanova.it,,,,,,,,,,,,,,,,,,,,,,,,86,ITALIA,,301,,Si,Si,,,,,,,,Intracomunitario,,Piazza Pieropan,6
731,CREDITO TREVIGIANO - BANCA DI CREDITO COOPERATIVO - SOCIETA',15240741007,00274980267,"Via Spada, 2",31050,Vedelago,TV,,,backoffice@creditotrevigiano.it,,,,,,,,,,,,,,,,,,,,,,,,86,ITALIA,,301,,Si,Si,,,,,,,,Intracomunitario,,Via Spada,2
732,BANCA ALTA TOSCANA CREDITO COOPERATIVO - SOCIETA' COOPERATIV,15240741007,00138580477,"Via IV Novembre, 108",51039,Quarrata,PT,,,direzione@bat.bcc.it,,,,,,,,,,,,,,,,,,,,,,,,86,ITALIA,,301,,Si,Si,,,,,,,,Intracomunitario,,Via IV Novembre,108
733,ZKB ZADRUANA KRAA KA BANKA TRST GORICA ZADRUGA - ZKB CREDITO,02529020220,00093160323,"Via del Ricreatorio, 2",34151,Trieste,TS,,,stefano.kavalic@zkb.it,,,,,,,,,,,,,,,,,,,,,,,,86,ITALIA,,301,,Si,Si,,,,,,,,Intracomunitario,,Via del Ricreatorio,2
734,BANCA LAZIO NORD CREDITO COOPERATIVO - SOCIETA' COOPERATIVA,02529020220,00057680563,"Via Alessandro Polidori, 72",01100,Viterbo,VT,,,giancarlo.frabotta@bancalazionord.it,,,,,,,,,,,,,,,,,,,,,,,,86,ITALIA,,301,,Si,Si,,,,,,,,Intracomunitario,,Via Alessandro Polidori,72
735,BANCA DI CREDITO COOPERATIVO BERGAMASCA E OROBICA - SOCIETA',15240741007,04074830169,"Piazza Agliardi, 1",24055,Zanica,BG,,,organizzazione@bccbergamascaeorobica.it ,,,,,,,,,,,,,,,,,,,,,,,,86,ITALIA,,301,,Si,Si,,,,,,,,Intracomunitario,,Piazza Agliardi,1
736,BANCA DON RIZZO - CREDITO COOPERATIVO DELLA SICILIA OCCIDENT,15240741007,00071310817,"Via Vittorio Emanuele II, 15/17",91011,Alcamo,TP,,,organizzazione@donrizzo.bcc.it,,,,,,,,,,,,,,,,,,,,,,,,86,ITALIA,,301,,Si,Si,,,,,,,,Intracomunitario,,Via Vittorio Emanuele II,15/17
737,BANCA DI CREDITO COOPERATIVO DEI COLLI ALBANI - SOCIETA' COO,15240741007,01103500581,"Via S. Silvestri Ang. Via USA, 113",00045,Genzano di Roma,RM,,,amministrazione@bcccollialbani.it,,,,,,,,,,,,,,,,,,,,,,,,86,ITALIA,,409,,Si,Si,,,,,,,,Intracomunitario,,Via S. Silvestri Ang. Via USA,113
738,BANCA DI CREDITO COOPERATIVO 'G. TONIOLO' DI SAN CATALDO (CA,15240741007,00055510853,"Corso Vittorio Emanuele, 171",93017,San Cataldo,CL,,,organizzazione@cataldo.bcc.it,,,,,,,,,,,,,,,,,,,,,,,,86,ITALIA,,409,,Si,Si,,,,,,,,Intracomunitario,,Corso Vittorio Emanuele,171
739,BANCA DI CREDITO COOPERATIVO LA RISCOSSA DI REGALBUTO - SOCI,02529020220,00037750866,"Via Mons. Vito Pernicone, 1",94017,Regalbuto,EN,,,servizivari@regalbuto.bcc.it,,,,,,,,,,,,,,,,,,,,,,,,86,ITALIA,,301,,Si,Si,,,,,,,,Intracomunitario,,Via Mons. Vito Pernicone,1
740,BANCA DI CREDITO COOPERATIVO SANGRO TEATINA DI ATESSA,02529020220,00086890696,"Via Brigata Alpina Julia, 6",66041,Atessa,CH,,,dimarcof@bccsangro.it,,,,,,,,,,,,,,,,,,,,,,,,86,ITALIA,,301,,Si,Si,,,,,,,,Intracomunitario,,Via Brigata Alpina Julia,6
741,BANCA SAN FRANCESCO CREDITO COOPERATIVO - SOCIETA' COOPERATI,15240741007,00097080840,"Viale Regina Margherita, 63/65",92024,Canicatti',AG,,,contabilita@bancasanfrancesco.bcc.it,,,,,,,,,,,,,,,,,,,,,,,,86,ITALIA,,301,,Si,Si,,,,,,,,Intracomunitario,,Viale Regina Margherita,63/65
742,BANCA DI CREDITO COOPERATIVO SAN GIUSEPPE DI MUSSOMELI - SOC,15240741007,00056550858,"Piazzale Concordato, 7",93014,Mussomeli,CL,,,wnoto@mussomeli.bcc.it,,,,,,,,,,,,,,,,,,,,,,,,86,ITALIA,,301,,Si,Si,,,,,,,,Intracomunitario,,Piazzale Concordato,7
743,BANCA DI CREDITO COOPERATIVO DELLE MADONIE - SOCIETA' COOP.,15240741007,00223510827,Corso P. Agliata 14,90027,Petralia Sottana,PA,,,farinellag@petralia.bcc.it,,,,,,,,,,,,,,,,,,,,,,,,86,ITALIA,,301,,Si,Si,,,,,,,,Intracomunitario,,Corso P. Agliata,14
744,BANCA DI CREDITO COOPERATIVO SAN MICHELE DI CALTANISSETTA E,15240741007,00041190851,"Corso Umberto I, 113-119",93100,Caltanissetta,CL,,,michele.mastrosimone@caltanissetta.bcc.it,,,,,,,,,,,,,,,,,,,,,,,,86,ITALIA,,409,,Si,Si,,,,,,,,Intracomunitario,,Corso Umberto I,113-119
745,BANCA ADRIA COLLI EUGANEI - CREDITO COOPERATIVO SOCIETA' COO,02529020220,01369230295,"Corso Mazzini, 60",45011,Adria,RO,,,organizzazione@bancadriacollieuganei.it,,,,,,,,,,,,,,,,,,,,,,,,86,ITALIA,,301,,Si,Si,,,,,,,,Intracomunitario,,Corso Mazzini,60
746,"BANCA SICANA - CREDITO COOPERATIVO DI SOMMATINO, SERRADIFALC",02529020220,01438930859,"Via Francesco Crispi, 25",93100,Caltanissetta,CL,,,sa@bancasicana.it,,,,,,,,,,,,,,,,,,,,,,,,86,ITALIA,,301,,Si,Si,,,,,,,,Intracomunitario,,Via Francesco Crispi,25
747,ROVIGOBANCA CREDITO COOPERATIVO - SOC. COOP,02529020220,01088920291,"Via Casalini, 10",45100,Rovigo,RO,,,coge@rovigobanca.it,,,,,,,,,,,,,,,,,,,,,,,,86,ITALIA,,301,,Si,Si,,,,,,,,Intracomunitario,,Via Casalini,10
748,BANCA DI CREDITO COOPERATIVO TERRA DI LAVORO - S. VINCENZO D,15240741007,00094970613,"Via Madonna di Pompei, 4",81022,Casagiove,CE,,,organizzazione@bccterradilavoro.it,,,,,,,,,,,,,,,,,,,,,,,,86,ITALIA,,409,,Si,Si,,,,,,,,Intracomunitario,,Via Madonna di Pompei,4
749,BANCA DI CREDITO COOPERATIVO DEGLI ULIVI - TERRA DI BARI - S,15240741007,00274050723,"Corso Garibaldi, 49/51",70027,Palo del Colle,BA,,,bccdegliulivi@degliulivi.bcc.it,,,,,,,,,,,,,,,,,,,,,,,,86,ITALIA,,301,,Si,Si,,,,,,,,Intracomunitario,,Corso Garibaldi,49/51
750,RIVIERABANCA - CREDITO COOPERATIVO DI RIMINI E GRADARA - SOC,15240741007,04241950403,"Via Mancini, 21",61012,Rimini,RN,,,giacomo.pritelli@rivierabanca.it,,,,,,,,,,,,,,,,,,,,,,,,86,ITALIA,,301,,Si,Si,,,,,,,,Intracomunitario,,Via Mancini,21
751,BANCA DI CREDITO COOPERATIVO DI SAN MARCO DEI CAVOTI E DEL S,15240741007,00064400625,"Piazza Risorgimento, 16",82029,San Marco dei Cavoti,BN,,,patrizio.ricci@bccsanmarcocavoti.it,,,,,,,,,,,,,,,,,,,,,,,,86,ITALIA,,301,,Si,Si,,,,,,,,Intracomunitario,,Piazza Risorgimento,16
752,CASSA RAIFFEISEN DELLA VAL PASSIRIA SOCIETA' COOPERATIVA ( I,00202890216,00202890216,"Piazza Raiffeisen, 1",39015,San Leonardo in Passiria,BZ,,,passeier(at)raiffeisen.it,,,,,,,,,,,,,,,,,,,,,,,,86,ITALIA,,301,,Si,Si,,,,,,,,Intracomunitario,,Piazza Raiffeisen,1
753,FACTORCOOP SPA,03339200374,03339200374,"Via Del Lavoro, 23",40033,Casalecchio di Reno,BO,,,serafini@factorcoop.it,,,,,,,,,,,,,,,,,,,,,,,,86,ITALIA,,409,,Si,Si,,,,,,,,Intracomunitario,,Via Del Lavoro,23
754,American Express Payments Europe S.L.,14778691007,14778691007,"Viale Alexandre Gustave Eiffel, 15",00148,Roma,RM,,,Piotr.T.Pogorzelski@aexp.com,,,,,,,,,,,,,,,,,,,,,,,,86,ITALIA,,409,,Si,Si,,,,,,,,Intracomunitario,,Viale Alexandre Gustave Eiffel,15
755,Mooney S.p.a.,12564030968,06529501006,Via Privata Nino Bonnet 6,20154,Milano,MI,,,paolo.bonelli@sisal.it,,,,,,,,,,,,,,,,,,,,,,,,86,ITALIA,,409,,Si,Si,,,,,,,,Intracomunitario,,Via Privata Nino Bonnet,6
756,LIS ISTITUTO DI PAGAMENTO SPA,02611940038,03396740965,"Via Pordenone, 8",20132,Milano,MI,,,maridea.picciani@igt.com,,,,,,,,,,,,,,,,,,,,,,,,86,ITALIA,,409,,Si,Si,,,,,,,,Intracomunitario,,Via Pordenone,8
757,NEXI PAYMENTS S.p.A.,10542790968,04107060966,"Corso Sempione, 55",20149,Milano,MI,,,enrico.albertelli@nexi.it,,,,,,,,,,,,,,,,,,,,,,,,86,ITALIA,,409,,Si,Si,,,,,,,,Intracomunitario,,Corso Sempione,55
758,PAYTIPPER SPA,07338820967,07338820967,Viale Legioni Romane 43,20147,Milano,MI,,,alberto.miglioli@paytipper.com,,,,,,,,,,,,,,,,,,,,,,,,86,ITALIA,,414,,Si,Si,,,,,,,,Intracomunitario,,Viale Legioni Romane,43
759,CABEL IP S.P.A.,06078740484,06078740484,"Via Cherubini, 99",50053,Empoli,FI,,,monica.lupi@cabelip.it,,,,,,,,,,,,,,,,,,,,,,,,86,ITALIA,,409,,Si,Si,,,,,,,,Intracomunitario,,Via Cherubini,99
760,CITYPOSTE PAYMENT SPA,01806800676,01806800676,Via Pascoli - C.da Ripoli,64023,Mosciano Sant'Angelo,TE,,,fmarsilii@cppspa.it,,,,,,,,,,,,,,,,,,,,,,,,86,ITALIA,,409,,Si,Si,,,,,,,,Intracomunitario,,Via Pascoli - C.da Ripoli,SNC
761,ICONTO S.R.L.,14847241008,14847241008,"Via Giovanni Battista Morgagni, 13",00161,Padova,PD,,,pietro.soleti@infocamere.it,,,,,,,,,,,,,,,,,,,,,,,,86,ITALIA,,409,,Si,Si,,,,,,,,Intracomunitario,,Via Giovanni Battista Morgagni,13
762,SE.PA.FIN. SPA,07783020725,07783020725,"Via Nino Bixio, 46/A",70017,Putignano,BA,,,mina.mirinizzi@sepafin.com,,,,,,,,,,,,,,,,,,,,,,,,86,ITALIA,,301,,Si,Si,,,,,,,,Intracomunitario,,Via Nino Bixio,46/A
763,A-TONO PAYMENT INSTITUTE SPA,09217250969,09217250969,"Corso Buenos Aires, 77",20124,Milano,MI,,,antonio.cristaldi@a-tono.com,,,,,,,,,,,,,,,,,,,,,,,,86,ITALIA,,301,,Si,Si,,,,,,,,Intracomunitario,,Corso Buenos Aires,77
764,ADMIRAL PAY  ISTITUTO DI PAGAMENTO - SOCIETA A RESPONSABILIT,15851041002,04335420404,"Via Benedetto Croce, 122/124",00142,Roma,RM,,,f.spano@admiralpay.it,,,,,,,,,,,,,,,,,,,,,,,,86,ITALIA,,409,,Si,Si,,,,,,,,Intracomunitario,,Via Benedetto Croce,122/124
765,POSTE ITALIANE SPA,01114601006,97103880585,"Viale Europa, 190",00144,Roma,RM,,,fabio.veglianti@posteitaliane.it,,,,,,,,,,,,,,,,,,,,,,,,86,ITALIA,,409,,Si,Si,,,,,,,,Intracomunitario,,Viale Europa,190
766,Satispay Europe SA,30726739,92298050284,53 Boulevard Royal,00000,Lussemburgo,EE,,,dario.brignone@satispay.com,,,,,,,,,,,,,,,,,,,,,,,,92,LUSSEMBURGO,,414,,Si,Si,,,,,,,,Intracomunitario,,Boulevard Royal,53
1021,INTESA SANPAOLO PRIVATE BANKING SPA,11991500015,00460870348,"Via Montebello, 18",20121,Milano,MI,,,monica.diluccio@intesasanpaoloprivate.com,,,,,,,,,,,,,,,,,,,,,,,,86,ITALIA,,409,,Si,Si,,,,,,,,Intracomunitario,,Via Montebello,18
1022,CASSA RAIFFEISEN BASSA VALL'ISARCO SOCIETA' COOPERATIVA (IN,00181170219,00198330219,"Via Bastioni Maggiori, 12",39042,Bressanone-Brixen,BZ,,,rk.untereisacktal@raiffeisen.it,,,,,,,,,,,,,,,,,,,,,,,,86,ITALIA,,301,,Si,Si,,,,,,,,Intracomunitario,,Via Bastioni Maggiori,12
1023,CASSA RAIFFEISEN CAMPO DI TRENS SOCIETA' COOPERATIVA (IN LIN,00143170215,00143170215,"Piazza Municipio, 3",39040,Campo di Trens-Freienfeld,BZ,,,rk.freienfeld@raiffeisen.it,,,,,,,,,,,,,,,,,,,,,,,,86,ITALIA,,301,,Si,Si,,,,,,,,Intracomunitario,,Piazza Municipio,3
1024,CASSA RAIFFEISEN DI VILLABASSA SOCIETA' COOPERATIVA (IN LING,00138880216,00138880216,"Via Hans Wassermann, 4",39039,Villabassa-Niederdorf,BZ,,,rk.niederdorf@raiffeisen.it,,,,,,,,,,,,,,,,,,,,,,,,86,ITALIA,,301,,Si,Si,,,,,,,,Intracomunitario,,Via Hans Wassermann,4
1025,CASSA RAIFFEISEN LACES SOCIETA' COOPERATIVA (IN LINGUA TEDES,00147150213,00147150213,"Via Centrale, 38",39021,Laces-Latsch,BZ,,,rk_latsch@raiffeisen.it,,,,,,,,,,,,,,,,,,,,,,,,86,ITALIA,,301,,Si,Si,,,,,,,,Intracomunitario,,Via Centrale,38
1026,CASSA RAIFFEISEN MERANO SOCIETA' COOPERATIVA (IN LINGUA TEDE,00179580212,00179580212,"Corso Libertà, 40",39012,Merano-Meran,BZ,,,norbert.amhof@meranbank.it,,,,,,,,,,,,,,,,,,,,,,,,86,ITALIA,,301,,Si,Si,,,,,,,,Intracomunitario,,Corso Libertà,40
1027,PostePay S.p.A. - Patrimonio destinato IMEL,06874351007,06874351007,"Viale Europa, 190",00144,Roma,RM,,,,,,,,,,,,,,,,,,,,,,,,,,,86,ITALIA,,409,,Si,Si,,,,,,,,Intracomunitario,,Viale Europa,190
1028,BANCA FINNAT EURAMERICA S.P.A. (IN FORMA ABBREVIATA BANCA FI,00856091004,00168220069,"Piazza del Gesù, 49",00186,Roma,RM,,,g.chiauzzi@finnat.it,,,,,,,,,,,,,,,,,,,,,,,,86,ITALIA,,301,,Si,Si,,,,,,,,Intracomunitario,,Piazza del Gesù,49
1029,AFONE PAIEMENT,09828070962,09828070962,"Via Meravigli, 16",20123,Milano,MI,,,RGALATI@AFONEPAIEMENT.IT,,,,,,,,,,,,,,,,,,,,,,,,86,ITALIA,,301,,Si,Si,,,,,,,,Intracomunitario,,Via Meravigli,16
1030,BANCA DI CREDITO COOPERATIVO MUTUO SOCCORSO DI GANGI - SOCIE,15240741007,00101550820,"Corso Umberto I, 24",90124,Gangi,PA,,,amministrazione@gangi.bcc.it,,,,,,,,,,,,,,,,,,,,,,,,86,ITALIA,,409,,Si,Si,,,,,,,,Intracomunitario,,Corso Umberto I,24
1031,MONEYNET SPA,05221390825,05221390825,"Via Sacra Famiglia, 18",90146,Palermo,PA,,,mauro.ciraulo@moneynet.it,,,,,,,,,,,,,,,,,,,,,,,,86,ITALIA,,409,,Si,Si,,,,,,,,Intracomunitario,,Via Sacra Famiglia,18
1032,BANCA DI CREDITO COOPERATIVO DI MONOPOLI - SOCIETA' COOPERAT,02529020220,04787450727,"Piazza D'Annunzio (Angolo Via Lepanto), 1/C",70043,Monopoli,BA,,,agrattagliano@bccmonopoli.bcc.it,,,,,,,,,,,,,,,,,,,,,,,,86,ITALIA,,301,,Si,Si,,,,,,,,Intracomunitario,,Piazza D'Annunzio (Angolo Via Lepanto),1/C
1033,BLU BANCA S.P.A.,02078470560,02078470560,"Piazzale Caduti della Montagnola, 46",00142,Roma,RM,,,carlo.mancini@bplazio.it,,,,,,,,,,,,,,,,,,,,,,,,86,ITALIA,,301,,Si,Si,,,,,,,,Intracomunitario,,Piazzale Caduti della Montagnola,46
1034,BANCA DI CREDITO COOPERATIVO DELL'ADRIATICO TERAMANO - SOCIE,15240741007,01469670671,Via del Teatro Romano,64032,Mosciano Sant'Angelo,TE,,,piccioni.angela@fedam.bcc.it,,,,,,,,,,,,,,,,,,,,,,,,86,ITALIA,,409,,Si,Si,,,,,,,,Intracomunitario,,Via del Teatro Romano,SNC
1035,BANCA UBAE S.P.A.,00925501009,00716130588,"Via Quintino Sella, 2",00187,Roma,RM,,,sviluppo.organizzativo@ubae.it,,,,,,,,,,,,,,,,,,,,,,,,86,ITALIA,,301,,Si,Si,,,,,,,,Intracomunitario,,Via Quintino Sella,2
1036,BANCA POPOLARE DELLE PROVINCE MOLISANE - SOCIETA' COOPERATIV,01561760701,01561760701,"Via Insorti d'Ungheria, 30",86100,Campobasso,CB,,,margherita.calandrelli@bppm.eu,,,,,,,,,,,,,,,,,,,,,,,,86,ITALIA,,301,,Si,Si,,,,,,,,Intracomunitario,,Via Insorti d'Ungheria,30
1037,BANCA DI CREDITO COOPERATIVO DI BASCIANO-SOCIETA COOPERATIVA,15240741007,00658270673,"Contrada Salara, 33",64030,Teramo,TE,,,bccbasciano@fedam.bcc.it,,,,,,,,,,,,,,,,,,,,,,,,86,ITALIA,,409,,Si,Si,,,,,,,,Intracomunitario,,Contrada Salara,33
1038,BANCA DI CREDITO COOPERATIVO DON STELLA DI RESUTTANO -,15240741007,00073560856,"Via Roma, 5",93010,Resuttano,CL,,,direttore@resuttano.bcc.it,,,,,,,,,,,,,,,,,,,,,,,,86,ITALIA,,301,,Si,Si,,,,,,,,Intracomunitario,,Via Roma,5
1039,LIS Pay S.p.A.,08658331007,08658331007,"Via Roberto Bracco, 6",20159,Milano,MI,,,luca.troiano@igt.com,,,,,,,,,,,,,,,,,,,,,,,,86,ITALIA,,409,,Si,Si,,,,,,,,Intracomunitario,,Via Roberto Bracco,6
1040,BANCA SELLA - S.P.A.,02675650028,02224410023,"Piazza Gaudenzio Sella, 1",13900,Biella,BI,,,cristina.colnaghi@sella.it,,,,,,,,,,,,,,,,,,,,,,,,86,ITALIA,,409,,Si,Si,,,,,,,,Intracomunitario,,Piazza Gaudenzio Sella,1
1041,BANCA DI CREDITO COOPERATIVO DI LOCOROTONDO CASSA RURALE E A,02529020220,00369440722,"Piazza Marconi, 28",70010,Locorotondo,BA,,,staff@bcclocorotondo.it,,,,,,,,,,,,,,,,,,,,,,,,86,ITALIA,,301,,Si,Si,,,,,,,,Intracomunitario,,Piazza Marconi,28
1042,EFG BANK (LUXEMBOURG) SA,08097770963,08097770963,Via Pietro Paleocapa 5,20121,Milano,MI,,,marco.rossetti@efgbank.it,,,,,,,,,,,,,,,,,,,,,,,,86,ITALIA,,301,,Si,Si,,,,,,,,Intracomunitario,,Via Pietro Paleocapa,5
1043,HYPO TIROL BANK AG,02794340212,94065180211,Piazza Walther 2,39100,Bolzano-Bozen,BZ,,,konto.services@hypotirol.com,,,,,,,,,,,,,,,,,,,,,,,,86,ITALIA,,301,,Si,Si,,,,,,,,Intracomunitario,,Piazza Walther,2
1044,CBI S.C.P.A.,08992631005,97249640588,Via del Gesù 62,00186,Roma,RM,,,m.temofonte@cbi-org.eu,,,,,,,,,,,,,,,,,,,,,,,,86,ITALIA,,409,,Si,Si,,,,,,,,Intracomunitario,,Via del Gesù,62
1045,AIGIS BANCA S.p.A.,06150120720,06150120720,Viale Monza 259,20126,Milano,MI,,,sistemidipagamento@aigisbanca.it,,,,,,,,,,,,,,,,,,,,,,,,86,ITALIA,,301,,Si,Si,,,,,,,,Intracomunitario,,Viale Monza,259
1046,BANCA DI CREDITO COOPERATIVO DELLA VALLE DEL FITALIA-SOC.COO,15240741007,00427910831,Via F. Cottone 16,98070,Longi,ME,,,,,,,,,,,,,,,,,,,,,,,,,,,86,ITALIA,,409,,Si,Si,,,,,,,,Intracomunitario,,Via F. Cottone,16
1047,BANCA CREDIFARMA S.P.A.,04570150278,01795501202,Via dei Caudini 2,00185,Roma,RM,,,fornitori.bancacredifarma@bancaifis.it,,,,,,,,,,,,,,,,,,,,,,,,86,ITALIA,,409,,Si,Si,,,,,,,,Intracomunitario,,Via dei Caudini,2
1048,ENEL X FINANCIAL SERVICES S.R.L.,14897511003,14897511003,Viale Tor Di Quinto 45/47,00191,Roma,RM,,,federico.falciai@enel.com,,,,,,,,,,,,,,,,,,,,,,,,86,ITALIA,,409,,Si,Si,,,,,,,,Intracomunitario,,Viale Tor Di Quinto,45/47
1049,TELEPASS S.P.A.,09771701001,09771701001,Via Laurentina 449,00142,Roma,RM,,,francesca.angeloni@telepass.com,,,,,,,,,,,,,,,,,,,,,,,,86,ITALIA,,409,,Si,Si,,,,,,,,Intracomunitario,,Via Laurentina,449
1050,SOISY SPA,08946260968,08946260968,Piazzale Libia 1,20135,Milano,MI,,,mariacristina.romano@soisy.it,,,,,,,,,,,,,,,,,,,,,,,,86,ITALIA,,404,,Si,Si,,,,,,,,Intracomunitario,,Piazzale Libia,1
1052,VIVI PAYMENTS SERVICES S.A.,10671810967,10671810967,Via Lodovico Il Moro 27,20142,Milano,MI,,,accounting@vivawallet.com,,,,,,,,,,,,,,,,,,,,,,,,86,ITALIA,,409,,Si,Si,,,,,,,,Intracomunitario,,Via Lodovico Il Moro,27
1053,DINERS CLUB ITALIA S.R.L. IN LIQUIDAZIONE,00902071000,00472710581,Via Roberto Lepetit 8,20124,Milano,MI,,,andrea.conti@dinersclub.it,,,,,,,,,,,,,,,,,,,,,,,,86,ITALIA,,409,,Si,Si,,,,,,,,Intracomunitario,,Via Roberto Lepetit,8
1054,BANCA FININT SPA,04977190265,04040580963,Via Vittorio Alfieri 1,31015,Conegliano,TV,,,segreteriadirezione@finint.com,,,,,,,,,,,,,,,,,,,,,,,,86,ITALIA,,404,,Si,Si,,,,,,,,Intracomunitario,,Via Vittorio Alfieri,1
1055,FLOWE SPA SOCIETA' BENEFIT,10540610960,10917120965,Via Francesco Sforza,20080,Basiglio,MI,,,giulia.salomone@flowe.com,,,,,,,,,,,,,,,,,,,,,,,,86,ITALIA,,404,,Si,Si,,,,,,,,Intracomunitario,,Via Francesco Sforza,SNC
1056,WORLDLINE MERCHANT SERVICES ITALIA S.P.A.,05963231005,05963231005,Via Degli Aldobrandeschi 300,00163,Roma,RM,,,riccardo.rizzotti@axeptamail.it,,,,,,,,,,,,,,,,,,,,,,,,86,ITALIA,,409,,Si,Si,,,,,,,,Intracomunitario,,Via Degli Aldobrandeschi,300
1057,SIAPAY SRL,06556440961,06556440961,Via Francesco Gonin 36,20147,Milano,MI,,,fabrizio.colasanti@siapay.eu,,,,,,,,,,,,,,,,,,,,,,,,86,ITALIA,,409,,Si,Si,,,,,,,,Intracomunitario,,Via Francesco Gonin,36
1060,ICCREA BANCA S.P.A.,15240741007,04774801007,Via Lucrezia Romana 41/47,00178,Roma,RM,,,mesposito@iccrea.bcc.it,,,,,,,,,,,,,,,,,,,,,,,,86,ITALIA,,404,,Si,Si,,,,,,,,Intracomunitario,,Via Lucrezia Romana,41/47
1061,UNIPOLPAY SPA,03740811207,03961561200,Via Stalingrado 37,40128,Bologna,BO,,,leonardo.rubattu@unipolpay.it,,,,,,,,,,,,,,,,,,,,,,,,86,ITALIA,,409,,Si,Si,,,,,,,,Intracomunitario,,Via Stalingrado,37
1062,REVOLUT BANK UAB,100011706713,,Konstitucijos ave. 21B,08130,Vilnius,EE,,,wilhelm.zhao@revolut.com,,,,,,,,,,,,,,,,,,,,,,,,259,LITUANIA,,409,,Si,Si,,,,,,,,Intracomunitario,,Konstitucijos ave.,21B
1063,"N26 BANK GMBH, Succursale Italiana",10429450967,10429450967,Via Sassetti Filippo 32,20124,Milano,MI,,,laura.cristaldi@n26.com,,,,,,,,,,,,,,,,,,,,,,,,86,ITALIA,,404,,Si,Si,,,,,,,,Intracomunitario,,Via Sassetti Filippo,32
1065,GUBER BANCA SPA,03140600176,03140600176,Via Corfu' 102,00000,Brescia,BS,,,antonio.borriello@guber.it,,,,,,,,,,,,,,,,,,,,,,,,86,ITALIA,,404,,Si,Si,,,,,,,,Intracomunitario,,Via Corfù,102
1066,BANCA AIDEXA SPA,00691500706,00691500706,Via Cusani 10,20121,Milano,MI,,,federico.sforza@aidexa.it,,,,,,,,,,,,,,,,,,,,,,,,86,ITALIA,,404,,Si,Si,,,,,,,,Intracomunitario,,Via Cusani,10
1067,FLOWPAY SPA,06968160488,06968160488,Via Mugellese 1,50013,Campi Bisenzio,FI,,,federico.masi@flowpay.it,,,,,,,,,,,,,,,,,,,,,,,,86,ITALIA,,404,,Si,Si,,,,,,,,Intracomunitario,,Via Mugellese,1
1070,OLINDA SAS - ITALIAN BRANCH,10813760963,10813760963,Via San Raffaele 1,20121,Milano,MI,,,andrea.veronesi@qonto.com,,,,,,,,,,,,,,,,,,,,,,,,86,ITALIA,,409,,Si,Si,,,,,,,,Intracomunitario,,Via San Raffaele,1
1071,ICARD AD,175325806,,,00000,Ee,EE,,,yavor.petrov@icard.com,,,,,,,,,,,,,,,,,,,,,,,,12,BULGARIA,,409,,Si,Si,,,,,,,,Intracomunitario,,,
1076,OLINDA SAS - ITALIAN BRANCH,10813760963,10813760963,Via San Raffaele 1,20121,Milano,MI,,,,,,,,,,,,,,,,,,,,,,,,,,,86,ITALIA,,409,,Si,Si,,,,,,,,Intracomunitario,,Via San Raffaele,1
1077,ZURICH ITALY BANK SPA,12025760963,12025760963,Via Benigno Crespi 23,20159,Milano,MI,,,ROBERTO.BONFANTI@IT.ZURICH.COM,,,,,,,,,,,,,,,,,,,,,,,,86,ITALIA,,409,,Si,Si,,,,,,,,Intracomunitario,,Via Benigno Crespi,23
1078,ICARD AD,175325806,,Bulgaria,00000,Varna,EE,,,yavor.petrov@icard.com,,,,,,,,,,,,,,,,,,,,,,,,12,BULGARIA,,409,,Si,Si,,,,,,,,Intracomunitario,,Bulgaria,
1079,XOLDY S.p.A.,11932890962,11932890962,Via Vittor Pisani 13,20124,Milano,MI,,,luca.motalli@xoldy.it,,,,,,,,,,,,,,,,,,,,,,,,86,ITALIA,,409,,Si,Si,,,,,,,,Intracomunitario,,Via Vittor Pisani,13
1080,CCN SERVIZI DI PAGAMENTO S.P.A.,02509150351,02509150351,Via Kennedy 5,42040,Campegine,RE,,,,,,,,,,,,,,,,,,,,,,,,,,,86,ITALIA,,409,,Si,Si,,,,,,,,Intracomunitario,,Via Kennedy,5